config,seed,role,family,layer,head,head_dim,role_score,role_mass,ablation_accuracy_delta
uniform2,1,local_a,local_copy,0,0,64,0.0,0.0,0.0
uniform2,1,local_a,local_copy,0,1,64,5.500811676029116e-05,0.0023802137348036072,0.0
uniform2,1,local_a,local_copy,1,0,64,0.01408812723821029,0.609596472756459,0.0
uniform2,1,local_a,local_copy,1,1,64,0.008967443311121315,0.3880233135087374,0.0
uniform2,1,local_b,local_copy,0,0,64,0.0,0.0,0.0
uniform2,1,local_b,local_copy,0,1,64,0.0,0.0,0.0
uniform2,1,local_b,local_copy,1,0,64,0.014647239462647121,0.5459828549449169,0.0
uniform2,1,local_b,local_copy,1,1,64,0.012180048848676961,0.4540171450550831,-0.001953125
uniform2,1,kv_a,kv_lookup,0,0,64,1.996208295226097,0.7200089952167162,-0.41015625
uniform2,1,kv_a,kv_lookup,0,1,64,0.04948590509593487,0.017848987448215288,-0.01171875
uniform2,1,kv_a,kv_lookup,1,0,64,0.25989678874611855,0.0937417333515034,-0.033203125
uniform2,1,kv_a,kv_lookup,1,1,64,0.46688589453697205,0.16840028398356505,-0.080078125
uniform2,1,kv_b,kv_lookup,0,0,64,2.3553385994164273,0.7292449270463104,-0.55078125
uniform2,1,kv_b,kv_lookup,0,1,64,0.001216073171235621,0.0003765128254852268,0.0
uniform2,1,kv_b,kv_lookup,1,0,64,0.3350315763382241,0.10373034157615929,-0.0703125
uniform2,1,kv_b,kv_lookup,1,1,64,0.5382457486120984,0.16664821855204504,-0.12890625
uniform2,1,induction_short,induction,0,0,64,0.0,0.0,0.0005580484867095947
uniform2,1,induction_short,induction,0,1,64,5.061626349459402,0.9153988854404075,-0.5680803656578064
uniform2,1,induction_short,induction,1,0,64,0.2073183961911127,0.03749368596220193,-0.020926326513290405
uniform2,1,induction_short,induction,1,1,64,0.2604768321616575,0.047107428597390553,-0.03738836944103241
uniform2,1,induction_long,induction,0,0,64,0.3770432551391423,0.039549588279148014,-0.099609375
uniform2,1,induction_long,induction,0,1,64,7.5221320991404355,0.7890267852492961,-0.7609375342726707
uniform2,1,induction_long,induction,1,0,64,0.7313692723400891,0.07671627381425009,-0.1364583522081375
uniform2,1,induction_long,induction,1,1,64,0.902885973919183,0.09470735265730575,-0.16875000298023224
uniform2,2,local_a,local_copy,0,0,64,9.782816050574183e-06,0.0004628869299437325,0.0
uniform2,2,local_a,local_copy,0,1,64,0.0,0.0,0.0
uniform2,2,local_a,local_copy,1,0,64,0.012461898106266744,0.5896512543893595,0.0
uniform2,2,local_a,local_copy,1,1,64,0.008662672669743188,0.4098858586806967,0.0
uniform2,2,local_b,local_copy,0,0,64,0.0,0.0,0.0
uniform2,2,local_b,local_copy,0,1,64,0.0,0.0,0.0
uniform2,2,local_b,local_copy,1,0,64,0.013513933692593127,0.5281834266835532,0.0
uniform2,2,local_b,local_copy,1,1,64,0.012071749253664166,0.4718165733164468,0.0
uniform2,2,kv_a,kv_lookup,0,0,64,0.050659224594710395,0.033628219762660665,-0.009765625
uniform2,2,kv_a,kv_lookup,0,1,64,0.6514789415232372,0.4324597778896228,-0.154296875
uniform2,2,kv_a,kv_lookup,1,0,64,0.46161380686680786,0.30642495353978,-0.09375
uniform2,2,kv_a,kv_lookup,1,1,64,0.3426978168718051,0.22748704880793652,-0.05859375
uniform2,2,kv_b,kv_lookup,0,0,64,0.037947155855363235,0.025067992796543745,-0.005859375
uniform2,2,kv_b,kv_lookup,0,1,64,0.6162070635182317,0.4070680366225973,-0.1484375
uniform2,2,kv_b,kv_lookup,1,0,64,0.5137332904560026,0.3393735876696975,-0.10546875
uniform2,2,kv_b,kv_lookup,1,1,64,0.3458817082864698,0.22849038291116153,-0.06640625
uniform2,2,induction_short,induction,0,0,64,4.585847346024821,0.9043966502365133,-0.4829799085855484
uniform2,2,induction_short,induction,0,1,64,0.0014732722629560158,0.0002905509928625907,-0.0002790093421936035
uniform2,2,induction_short,induction,1,0,64,0.2857480998209212,0.056353734607739646,-0.044921815395355225
uniform2,2,induction_short,induction,1,1,64,0.19754642053158022,0.03895906416288453,-0.019252195954322815
uniform2,2,induction_long,induction,0,0,64,7.458173346007243,0.8287124291398402,-0.7674479559063911
uniform2,2,induction_long,induction,0,1,64,0.031008582329377532,0.0034455082222134537,-0.009765639901161194
uniform2,2,induction_long,induction,1,0,64,0.8292288447264582,0.09213948487721557,-0.15963540971279144
uniform2,2,induction_long,induction,1,1,64,0.6813014114741236,0.07570257776073075,-0.12382811307907104
uniform2,3,local_a,local_copy,0,0,64,0.0,0.0,0.0
uniform2,3,local_a,local_copy,0,1,64,0.0,0.0,0.0
uniform2,3,local_a,local_copy,1,0,64,0.010534569359151646,0.5300841307469162,0.0
uniform2,3,local_a,local_copy,1,1,64,0.009338821953861043,0.4699158692530838,0.0
uniform2,3,local_b,local_copy,0,0,64,4.4631837226916105e-05,0.0012362232529352592,0.0
uniform2,3,local_b,local_copy,0,1,64,0.0,0.0,0.0
uniform2,3,local_b,local_copy,1,0,64,0.018178281010477804,0.5035063551000695,-0.001953125
uniform2,3,local_b,local_copy,1,1,64,0.017880466635688208,0.4952574216469952,0.0
uniform2,3,kv_a,kv_lookup,0,0,64,0.47748547163791955,0.42488087714212175,-0.123046875
uniform2,3,kv_a,kv_lookup,0,1,64,0.06687039765529335,0.05950328313270334,-0.021484375
uniform2,3,kv_a,kv_lookup,1,0,64,0.2937140327412635,0.2613555453990643,-0.048828125
uniform2,3,kv_a,kv_lookup,1,1,64,0.28574031707830727,0.25426029432611064,-0.0390625
uniform2,3,kv_b,kv_lookup,0,0,64,0.3762565743527375,0.3463383803500767,-0.1015625
uniform2,3,kv_b,kv_lookup,0,1,64,0.0406589325866662,0.03742592108338125,-0.013671875
uniform2,3,kv_b,kv_lookup,1,0,64,0.3375693302950822,0.31072736818321645,-0.064453125
uniform2,3,kv_b,kv_lookup,1,1,64,0.33189944963669404,0.30550833038332564,-0.0546875
uniform2,3,induction_short,induction,0,0,64,0.00735952949617058,0.0014400335843655924,-0.001116052269935608
uniform2,3,induction_short,induction,0,1,64,4.718800538685173,0.9233241414637843,-0.534877210855484
uniform2,3,induction_short,induction,1,0,64,0.19769016792997718,0.03868188601814424,-0.024832531809806824
uniform2,3,induction_short,induction,1,1,64,0.1868149428628385,0.03655393893370589,-0.023716479539871216
uniform2,3,induction_long,induction,0,0,64,0.23571184428874403,0.02836255068708458,-0.07526041567325592
uniform2,3,induction_long,induction,0,1,64,6.774007467203774,0.8150974793948069,-0.7227864935994148
uniform2,3,induction_long,induction,1,0,64,0.6299767472082749,0.07580334996866599,-0.11510415375232697
uniform2,3,induction_long,induction,1,1,64,0.6709755338961259,0.08073661994944255,-0.12148439884185791
uniform2,4,local_a,local_copy,0,0,64,3.1876137654762715e-05,0.0018173799087396083,0.0
uniform2,4,local_a,local_copy,0,1,64,0.0,0.0,0.0
uniform2,4,local_a,local_copy,1,0,64,0.011164995441504288,0.6365588772492786,0.0
uniform2,4,local_a,local_copy,1,1,64,0.006342739980027545,0.3616237428419818,0.0
uniform2,4,local_b,local_copy,0,0,64,0.0,0.0,0.0
uniform2,4,local_b,local_copy,0,1,64,0.0,0.0,0.0
uniform2,4,local_b,local_copy,1,0,64,0.008540283270122018,0.5401814731819264,0.0
uniform2,4,local_b,local_copy,1,1,64,0.007269742978678551,0.45981852681807356,0.0
uniform2,4,kv_a,kv_lookup,0,0,64,0.03519288793904707,0.019927892526372854,-0.01171875
uniform2,4,kv_a,kv_lookup,0,1,64,1.159434123605024,0.6565269280153269,-0.271484375
uniform2,4,kv_a,kv_lookup,1,0,64,0.33712806430412456,0.19089799747927774,-0.07421875
uniform2,4,kv_a,kv_lookup,1,1,64,0.23425645258976147,0.13264718197902256,-0.041015625
uniform2,4,kv_b,kv_lookup,0,0,64,0.0038526664138771594,0.0018990788048636922,0.0
uniform2,4,kv_b,kv_lookup,0,1,64,1.3759112424449995,0.6782221965777182,-0.345703125
uniform2,4,kv_b,kv_lookup,1,0,64,0.3504741630749777,0.17275776910003013,-0.0703125
uniform2,4,kv_b,kv_lookup,1,1,64,0.2984646885888651,0.14712095551738794,-0.041015625
uniform2,4,induction_short,induction,0,0,64,4.424994332694041,0.9331351906654987,-0.5223214030265808
uniform2,4,induction_short,induction,0,1,64,3.001530421897769e-05,6.329575705514306e-06,0.0
uniform2,4,induction_short,induction,1,0,64,0.1742914188434952,0.03675427449753764,-0.019531220197677612
uniform2,4,induction_short,induction,1,1,64,0.142756311201083,0.03010420526125824,-0.01032361388206482
uniform2,4,induction_long,induction,0,0,64,7.092738375416957,0.8587579736800353,-0.7501302473247051
uniform2,4,induction_long,induction,0,1,64,0.008089637034572661,0.0009794581359006064,-0.0020833462476730347
uniform2,4,induction_long,induction,1,0,64,0.5628840777790174,0.06815156071816171,-0.10052084922790527
uniform2,4,induction_long,induction,1,1,64,0.5955863300478086,0.07211100746590242,-0.10898438096046448
uniform2,5,local_a,local_copy,0,0,64,0.0,0.0,0.0
uniform2,5,local_a,local_copy,0,1,64,0.0,0.0,0.0
uniform2,5,local_a,local_copy,1,0,64,0.009563412721036002,0.5483149994912094,0.0
uniform2,5,local_a,local_copy,1,1,64,0.00787804470746778,0.45168500050879057,0.0
uniform2,5,local_b,local_copy,0,0,64,0.0,0.0,0.0
uniform2,5,local_b,local_copy,0,1,64,0.0,0.0,0.0
uniform2,5,local_b,local_copy,1,0,64,0.010790617576276418,0.5283146110666651,0.0
uniform2,5,local_b,local_copy,1,1,64,0.0096339880474261,0.47168538893333484,0.0
uniform2,5,kv_a,kv_lookup,0,0,64,0.12496156140696257,0.11946776228776552,-0.029296875
uniform2,5,kv_a,kv_lookup,0,1,64,0.2125568677438423,0.20321203626412504,-0.064453125
uniform2,5,kv_a,kv_lookup,1,0,64,0.3740539987338707,0.35760912156013064,-0.064453125
uniform2,5,kv_a,kv_lookup,1,1,64,0.33441319211851805,0.3197110798879788,-0.068359375
uniform2,5,kv_b,kv_lookup,0,0,64,0.04609200783306733,0.04501515535638149,-0.009765625
uniform2,5,kv_b,kv_lookup,0,1,64,0.23998377152020112,0.23437700516578475,-0.0625
uniform2,5,kv_b,kv_lookup,1,0,64,0.4022874129586853,0.3928887293831499,-0.060546875
uniform2,5,kv_b,kv_lookup,1,1,64,0.3355588061385788,0.32771911009468385,-0.056640625
uniform2,5,induction_short,induction,0,0,64,2.4796580048569012,0.8207448489787618,-0.3351004123687744
uniform2,5,induction_short,induction,0,1,64,0.017585022520506755,0.005820486786731038,-0.005301296710968018
uniform2,5,induction_short,induction,1,0,64,0.297712125844555,0.09854007822322108,-0.039620473980903625
uniform2,5,induction_short,induction,1,1,64,0.22627368292887695,0.07489458601128612,-0.029575854539871216
uniform2,5,induction_long,induction,0,0,64,4.498323191481177,0.5912411954655535,-0.6050781235098839
uniform2,5,induction_long,induction,0,1,64,1.6169922543340363,0.21253084600979955,-0.2665364295244217
uniform2,5,induction_long,induction,1,0,64,0.8858588380389847,0.11643366119352501,-0.16770832240581512
uniform2,5,induction_long,induction,1,1,64,0.6070966316037811,0.07979429733112192,-0.11302079260349274
"32,96",1,local_a,local_copy,0,0,32,4.473633453017101e-05,0.0005169525799948196,0.0
"32,96",1,local_a,local_copy,0,1,96,0.0,0.0,0.0
"32,96",1,local_a,local_copy,1,0,32,0.0007265034291776828,0.008395140684474205,0.0
"32,96",1,local_a,local_copy,1,1,96,0.08576732539950171,0.9910879067355309,0.0
"32,96",1,local_b,local_copy,0,0,32,1.7861682863440365e-05,0.00018207710269292326,0.0
"32,96",1,local_b,local_copy,0,1,96,0.0,0.0,0.0
"32,96",1,local_b,local_copy,1,0,32,0.0005516094824997708,0.005622955975613823,0.0
"32,96",1,local_b,local_copy,1,1,96,0.0975300844584126,0.9941949669216933,-0.0078125
"32,96",1,kv_a,kv_lookup,0,0,32,0.014395879668882117,0.0020968983505667404,-0.001953125
"32,96",1,kv_a,kv_lookup,0,1,96,3.544644746609265,0.5163116039776682,-0.6640625
"32,96",1,kv_a,kv_lookup,1,0,32,0.007812054856913164,0.0011379009355994532,0.0
"32,96",1,kv_a,kv_lookup,1,1,96,3.2984680269437376,0.4804535967361656,-0.6171875
"32,96",1,kv_b,kv_lookup,0,0,32,0.0,0.0,0.0
"32,96",1,kv_b,kv_lookup,0,1,96,3.5790493368986063,0.5019955076848606,-0.71484375
"32,96",1,kv_b,kv_lookup,1,0,32,0.007861815800424665,0.0011026939956851577,-0.001953125
"32,96",1,kv_b,kv_lookup,1,1,96,3.542733001697343,0.49690179831945425,-0.68359375
"32,96",1,induction_short,induction,0,0,32,0.9365575766860275,0.15241993191284708,-0.14090396463871002
"32,96",1,induction_short,induction,0,1,96,3.1328699297009734,0.5098584788203683,-0.3772321045398712
"32,96",1,induction_short,induction,1,0,32,0.004272517442586832,0.0006953302540136847,0.0
"32,96",1,induction_short,induction,1,1,96,2.0708872682153014,0.3370262590127709,-0.4503347873687744
"32,96",1,induction_long,induction,0,0,32,3.835684390272945,0.30972298269366455,-0.533723995089531
"32,96",1,induction_long,induction,0,1,96,4.990305574145168,0.402956075034911,-0.5475260764360428
"32,96",1,induction_long,induction,1,0,32,0.054827900137752295,0.0044272309808802155,-0.01015627384185791
"32,96",1,induction_long,induction,1,1,96,3.503424198832363,0.2828937112905442,-0.6714844256639481
"32,96",2,local_a,local_copy,0,0,32,0.0,0.0,0.0
"32,96",2,local_a,local_copy,0,1,96,0.0,0.0,0.0
"32,96",2,local_a,local_copy,1,0,32,0.0006702052050968632,0.014180240939213516,0.0
"32,96",2,local_a,local_copy,1,1,96,0.04659311055729631,0.9858197590607864,0.0
"32,96",2,local_b,local_copy,0,0,32,0.0,0.0,0.0
"32,96",2,local_b,local_copy,0,1,96,0.0,0.0,0.0
"32,96",2,local_b,local_copy,1,0,32,0.0006122533450252376,0.0060472903607231435,0.0
"32,96",2,local_b,local_copy,1,1,96,0.10063199135038303,0.9939527096392768,-0.0078125
"32,96",2,kv_a,kv_lookup,0,0,32,0.003393530350876972,0.0005401384971510194,-0.001953125
"32,96",2,kv_a,kv_lookup,0,1,96,3.3802332321356516,0.5380220328820261,-0.646484375
"32,96",2,kv_a,kv_lookup,1,0,32,0.008071400778135285,0.001284701722228273,0.0
"32,96",2,kv_a,kv_lookup,1,1,96,2.8910059372137766,0.4601531268985946,-0.578125
"32,96",2,kv_b,kv_lookup,0,0,32,0.0014339836779981852,0.00022495279208199664,0.0
"32,96",2,kv_b,kv_lookup,0,1,96,3.1653971313207876,0.4965641754953468,-0.669921875
"32,96",2,kv_b,kv_lookup,1,0,32,0.006833311723312363,0.0010719595870656079,0.0
"32,96",2,kv_b,kv_lookup,1,1,96,3.200933837768389,0.5021389121255055,-0.646484375
"32,96",2,induction_short,induction,0,0,32,3.6305555893923156,0.6624039906654111,-0.4534040093421936
"32,96",2,induction_short,induction,0,1,96,0.033060725952964276,0.006032012529852111,-0.008928537368774414
"32,96",2,induction_short,induction,1,0,32,0.006439583143219352,0.0011749181267884648,-0.0002790093421936035
"32,96",2,induction_short,induction,1,1,96,1.8108222975279205,0.33038907867794837,-0.3850446194410324
"32,96",2,induction_long,induction,0,0,32,7.0125654090661556,0.6804072999085135,-0.746354203671217
"32,96",2,induction_long,induction,0,1,96,0.29235592973418534,0.02836638193855648,-0.06783854961395264
"32,96",2,induction_long,induction,1,0,32,0.05099953548051417,0.004948325499826752,-0.008072927594184875
"32,96",2,induction_long,induction,1,1,96,2.95050207269378,0.28627799265310333,-0.5669271126389503
"32,96",3,local_a,local_copy,0,0,32,4.578736115945503e-05,0.0006976270655196855,0.0
"32,96",3,local_a,local_copy,0,1,96,0.0,0.0,0.0
"32,96",3,local_a,local_copy,1,0,32,0.0006388163310475647,0.009733156730364166,0.0
"32,96",3,local_a,local_copy,1,1,96,0.06494840199593455,0.9895692162041162,0.0
"32,96",3,local_b,local_copy,0,0,32,0.0,0.0,0.0
"32,96",3,local_b,local_copy,0,1,96,0.0,0.0,0.0
"32,96",3,local_b,local_copy,1,0,32,0.00039252156420843676,0.003913151562819812,0.0
"32,96",3,local_b,local_copy,1,1,96,0.0999157741680392,0.9960868484371802,-0.009765625
"32,96",3,kv_a,kv_lookup,0,0,32,0.012825074722059071,0.0019274298640070944,-0.00390625
"32,96",3,kv_a,kv_lookup,0,1,96,3.596918697352521,0.5405667152767808,-0.654296875
"32,96",3,kv_a,kv_lookup,1,0,32,0.010598654858767986,0.0015928300096339368,0.0
"32,96",3,kv_a,kv_lookup,1,1,96,3.0336349558783695,0.45591302484957813,-0.607421875
"32,96",3,kv_b,kv_lookup,0,0,32,0.002077706332784146,0.00030929705043366705,-0.001953125
"32,96",3,kv_b,kv_lookup,0,1,96,3.1127781927061733,0.46338267274188605,-0.6171875
"32,96",3,kv_b,kv_lookup,1,0,32,0.00665291488985531,0.0009903839246911755,0.0
"32,96",3,kv_b,kv_lookup,1,1,96,3.5960021674109157,0.5353176462829891,-0.6875
"32,96",3,induction_short,induction,0,0,32,0.24257996981032193,0.033278444188354114,-0.04017852246761322
"32,96",3,induction_short,induction,0,1,96,5.148076082812622,0.7062411737178423,-0.5781249925494194
"32,96",3,induction_short,induction,1,0,32,0.0038135115173645318,0.0005231583229707418,-0.000558018684387207
"32,96",3,induction_short,induction,1,1,96,1.8949328020680696,0.2599572237708328,-0.4185267835855484
"32,96",3,induction_long,induction,0,0,32,1.9667874741135165,0.17730662144450374,-0.35143230855464935
"32,96",3,induction_long,induction,0,1,96,5.858019338804297,0.5281026196224429,-0.6299479454755783
"32,96",3,induction_long,induction,1,0,32,0.032293208758346736,0.002911244766354477,-0.0055989474058151245
"32,96",3,induction_long,induction,1,1,96,3.2354776727734134,0.29167951416669896,-0.6388021111488342
"32,96",4,local_a,local_copy,0,0,32,2.500043046893552e-05,0.00042229847956315567,0.0
"32,96",4,local_a,local_copy,0,1,96,0.0,0.0,0.0
"32,96",4,local_a,local_copy,1,0,32,0.0006036678241798654,0.01019694459377883,0.0
"32,96",4,local_a,local_copy,1,1,96,0.058572185356752016,0.9893807569266581,0.0
"32,96",4,local_b,local_copy,0,0,32,1.9055405573453754e-05,0.0002101909524893099,0.0
"32,96",4,local_b,local_copy,0,1,96,0.0,0.0,0.0
"32,96",4,local_b,local_copy,1,0,32,0.0005699271932826377,0.006286590917409916,0.0
"32,96",4,local_b,local_copy,1,1,96,0.09006860921363113,0.9935032181301008,-0.0078125
"32,96",4,kv_a,kv_lookup,0,0,32,0.023735427821520716,0.0035867459314852263,-0.00390625
"32,96",4,kv_a,kv_lookup,0,1,96,3.7275751105626114,0.5632872920029566,-0.6796875
"32,96",4,kv_a,kv_lookup,1,0,32,0.0046451661619357765,0.0007019477785561367,0.0
"32,96",4,kv_a,kv_lookup,1,1,96,2.861582385667134,0.43242401428700206,-0.603515625
"32,96",4,kv_b,kv_lookup,0,0,32,0.0016777042765170336,0.0002554850196624366,-0.001953125
"32,96",4,kv_b,kv_lookup,0,1,96,3.455003322218545,0.5261365808420688,-0.720703125
"32,96",4,kv_b,kv_lookup,1,0,32,0.004871913348324597,0.0007419071972412414,0.0
"32,96",4,kv_b,kv_lookup,1,1,96,3.105189324473031,0.4728660269410275,-0.646484375
"32,96",4,induction_short,induction,0,0,32,1.8424507495365106,0.4238074267049562,-0.288783460855484
"32,96",4,induction_short,induction,0,1,96,0.8691345867118798,0.19992159505338145,-0.1587611436843872
"32,96",4,induction_short,induction,1,0,32,0.005608645209576935,0.0012901215916733936,-0.0008370429277420044
"32,96",4,induction_short,induction,1,1,96,1.6301832314929925,0.374980856649989,-0.3253348022699356
"32,96",4,induction_long,induction,0,0,32,6.367730840225704,0.6385589307767835,-0.7192708626389503
"32,96",4,induction_long,induction,0,1,96,0.5462808004813269,0.0547812859261616,-0.12265622615814209
"32,96",4,induction_long,induction,1,0,32,0.054820897174067795,0.005497464381276506,-0.011458322405815125
"32,96",4,induction_long,induction,1,1,96,3.0032006344990805,0.3011623189157784,-0.5847656428813934
"32,96",5,local_a,local_copy,0,0,32,2.1523657778743654e-05,0.00026319633249346483,0.0
"32,96",5,local_a,local_copy,0,1,96,0.0,0.0,0.0
"32,96",5,local_a,local_copy,1,0,32,0.0007819988168193959,0.009562464833665813,0.0
"32,96",5,local_a,local_copy,1,1,96,0.08097443231235957,0.9901743388338408,0.0
"32,96",5,local_b,local_copy,0,0,32,0.0,0.0,0.0
"32,96",5,local_b,local_copy,0,1,96,0.0,0.0,0.0
"32,96",5,local_b,local_copy,1,0,32,0.0008341433640453033,0.010236087652809438,0.0
"32,96",5,local_b,local_copy,1,1,96,0.08065630419150693,0.9897639123471905,-0.00390625
"32,96",5,kv_a,kv_lookup,0,0,32,0.10417939996114,0.016258054092071674,-0.0234375
"32,96",5,kv_a,kv_lookup,0,1,96,3.5283979027881287,0.5506355765466047,-0.642578125
"32,96",5,kv_a,kv_lookup,1,0,32,0.0066379953059367836,0.0010359138830430363,0.0
"32,96",5,kv_a,kv_lookup,1,1,96,2.7686487286700867,0.43207045547828066,-0.552734375
"32,96",5,kv_b,kv_lookup,0,0,32,0.02968303646775894,0.004707759472427478,-0.005859375
"32,96",5,kv_b,kv_lookup,0,1,96,3.3289226686756592,0.5279704872329596,-0.6953125
"32,96",5,kv_b,kv_lookup,1,0,32,0.011759304761653766,0.0018650375759558108,0.0
"32,96",5,kv_b,kv_lookup,1,1,96,2.9347651994030457,0.46545671571865715,-0.623046875
"32,96",5,induction_short,induction,0,0,32,3.5631461652956204,0.6308949121312669,-0.4148995131254196
"32,96",5,induction_short,induction,0,1,96,0.032106959450175054,0.0056848965553002425,-0.006138339638710022
"32,96",5,induction_short,induction,1,0,32,0.003351283390657045,0.0005933822364259185,-0.0002790093421936035
"32,96",5,induction_short,induction,1,1,96,2.049160531445523,0.36282680907700693,-0.4190848022699356
"32,96",5,induction_long,induction,0,0,32,4.170440892165061,0.46211879853838206,-0.5325520783662796
"32,96",5,induction_long,induction,0,1,96,1.6553002097061835,0.18342073749728563,-0.28749997913837433
"32,96",5,induction_long,induction,1,0,32,0.04504079226171598,0.004990886417861559,-0.00833331048488617
"32,96",5,induction_long,induction,1,1,96,3.153825859015342,0.34946957754647073,-0.6179687529802322
"48,80",1,local_a,local_copy,0,0,48,0.0,0.0,0.0
"48,80",1,local_a,local_copy,0,1,80,5.234462150838226e-06,0.00016012918933435078,0.0
"48,80",1,local_a,local_copy,1,0,48,0.0028608841166715138,0.08751826666828982,0.0
"48,80",1,local_a,local_copy,1,1,80,0.029822875680110883,0.9123216041423758,0.0
"48,80",1,local_b,local_copy,0,0,48,0.0,0.0,0.0
"48,80",1,local_b,local_copy,0,1,80,1.946036354638636e-05,0.0005880659675960246,0.0
"48,80",1,local_b,local_copy,1,0,48,0.0021825035655638203,0.06595231728357868,0.0
"48,80",1,local_b,local_copy,1,1,80,0.030890179841662757,0.9334596167488253,0.0
"48,80",1,kv_a,kv_lookup,0,0,48,0.0913692188623827,0.04475949367090484,-0.0234375
"48,80",1,kv_a,kv_lookup,0,1,80,0.4381690229929518,0.21464803853668565,-0.083984375
"48,80",1,kv_a,kv_lookup,1,0,48,0.06366429661284201,0.03118754561749134,-0.0078125
"48,80",1,kv_a,kv_lookup,1,1,80,1.4481346476532053,0.7094049221749181,-0.3203125
"48,80",1,kv_b,kv_lookup,0,0,48,0.07092679748893715,0.03467657374405294,-0.0234375
"48,80",1,kv_b,kv_lookup,0,1,80,0.29655780727625825,0.144989045571863,-0.06640625
"48,80",1,kv_b,kv_lookup,1,0,48,0.05890794834704138,0.02880048003415997,-0.005859375
"48,80",1,kv_b,kv_lookup,1,1,80,1.6189882279431913,0.791533900649924,-0.357421875
"48,80",1,induction_short,induction,0,0,48,0.03415016240614932,0.008244190895130473,-0.009207546710968018
"48,80",1,induction_short,induction,0,1,80,3.220670434340718,0.7775020673467294,-0.3183593451976776
"48,80",1,induction_short,induction,1,0,48,0.0324825525021879,0.007841613179002466,-0.000558018684387207
"48,80",1,induction_short,induction,1,1,80,0.8550272310822038,0.2064121285791376,-0.161830335855484
"48,80",1,induction_long,induction,0,0,48,0.8225794720929116,0.08215058000203103,-0.20911459624767303
"48,80",1,induction_long,induction,0,1,80,6.899486719397828,0.6890481162540139,-0.7750000320374966
"48,80",1,induction_long,induction,1,0,48,0.207838500617072,0.020756721935940078,-0.02890622615814209
"48,80",1,induction_long,induction,1,1,80,2.08316486957483,0.20804458180801508,-0.40742187201976776
"48,80",2,local_a,local_copy,0,0,48,3.340281546115875e-05,0.0013276981678521382,0.0
"48,80",2,local_a,local_copy,0,1,80,0.0,0.0,0.0
"48,80",2,local_a,local_copy,1,0,48,0.0025561886141076684,0.1016036191195218,0.0
"48,80",2,local_a,local_copy,1,1,80,0.022568849148228765,0.8970686827126261,0.0
"48,80",2,local_b,local_copy,0,0,48,0.0,0.0,0.0
"48,80",2,local_b,local_copy,0,1,80,0.0,0.0,0.0
"48,80",2,local_b,local_copy,1,0,48,0.0026227742055198178,0.06654032421559329,0.0
"48,80",2,local_b,local_copy,1,1,80,0.03679353818006348,0.9334596757844067,-0.00390625
"48,80",2,kv_a,kv_lookup,0,0,48,0.012228112173033878,0.0029695434828847654,-0.001953125
"48,80",2,kv_a,kv_lookup,0,1,80,2.623252316698199,0.6370453354355173,-0.537109375
"48,80",2,kv_a,kv_lookup,1,0,48,0.08173754005110823,0.019849603596299007,-0.0078125
"48,80",2,kv_a,kv_lookup,1,1,80,1.4006244683114346,0.34013551748529885,-0.328125
"48,80",2,kv_b,kv_lookup,0,0,48,0.0015506168419960886,0.0003650229403763155,0.0
"48,80",2,kv_b,kv_lookup,0,1,80,2.699333630996989,0.6354366032648074,-0.57421875
"48,80",2,kv_b,kv_lookup,1,0,48,0.08671291408245452,0.020412652571366954,-0.0078125
"48,80",2,kv_b,kv_lookup,1,1,80,1.4604011704504956,0.3437857212234493,-0.322265625
"48,80",2,induction_short,induction,0,0,48,5.04243671362201,0.8588416460602993,-0.4930245280265808
"48,80",2,induction_short,induction,0,1,80,0.016653506121656392,0.002836470822045265,-0.003627195954322815
"48,80",2,induction_short,induction,1,0,48,0.03608101540157804,0.006145417467571851,-0.001116052269935608
"48,80",2,induction_short,induction,1,1,80,0.776035333321488,0.13217646565008356,-0.1512276530265808
"48,80",2,induction_long,induction,0,0,48,6.4765824294881895,0.7093030230231423,-0.7088541835546494
"48,80",2,induction_long,induction,0,1,80,0.5865186668233946,0.06423441189340547,-0.13098956644535065
"48,80",2,induction_long,induction,1,0,48,0.25140040286350995,0.027532895270262942,-0.04166664183139801
"48,80",2,induction_long,induction,1,1,80,1.8164090133504942,0.1989296698131893,-0.3747395873069763
"48,80",3,local_a,local_copy,0,0,48,0.0,0.0,0.0
"48,80",3,local_a,local_copy,0,1,80,0.0,0.0,0.0
"48,80",3,local_a,local_copy,1,0,48,0.002056357974652201,0.07198289463011812,0.0
"48,80",3,local_a,local_copy,1,1,80,0.02651095631881617,0.9280171053698819,0.0
"48,80",3,local_b,local_copy,0,0,48,0.0,0.0,0.0
"48,80",3,local_b,local_copy,0,1,80,0.0,0.0,0.0
"48,80",3,local_b,local_copy,1,0,48,0.002268829914100934,0.05042469874382284,0.0
"48,80",3,local_b,local_copy,1,1,80,0.04272558692173334,0.9495753012561772,-0.00390625
"48,80",3,kv_a,kv_lookup,0,0,48,0.022566930361790583,0.010816271055105551,-0.009765625
"48,80",3,kv_a,kv_lookup,0,1,80,0.9211451837036293,0.4415024918459005,-0.2265625
"48,80",3,kv_a,kv_lookup,1,0,48,0.0695771805185359,0.03334816174257831,-0.0078125
"48,80",3,kv_a,kv_lookup,1,1,80,1.0730979868385475,0.5143330753564156,-0.251953125
"48,80",3,kv_b,kv_lookup,0,0,48,0.020415796374436468,0.009230376431821693,-0.005859375
"48,80",3,kv_b,kv_lookup,0,1,80,0.7188094549928792,0.3249876581177456,-0.185546875
"48,80",3,kv_b,kv_lookup,1,0,48,0.05454730271594599,0.024661890634800628,-0.001953125
"48,80",3,kv_b,kv_lookup,1,1,80,1.4180328392540105,0.641120074815632,-0.326171875
"48,80",3,induction_short,induction,0,0,48,1.1243153310206253,0.33617831757120686,-0.1554129272699356
"48,80",3,induction_short,induction,0,1,80,1.5165063536551315,0.4534462356704049,-0.2469307780265808
"48,80",3,induction_short,induction,1,0,48,0.03140867900219746,0.00939141944680921,0.0
"48,80",3,induction_short,induction,1,1,80,0.6721713191654999,0.2009840273115791,-0.13309147953987122
"48,80",3,induction_long,induction,0,0,48,3.9861588529893197,0.483596514059466,-0.5520833507180214
"48,80",3,induction_long,induction,0,1,80,2.464998667652253,0.2990509928985642,-0.3936198055744171
"48,80",3,induction_long,induction,1,0,48,0.1750580906518735,0.021237859683806946,-0.028255194425582886
"48,80",3,induction_long,induction,1,1,80,1.6165213338681497,0.19611463335816284,-0.330078125
"48,80",4,local_a,local_copy,0,0,48,3.8241872971411794e-05,0.0012503050169839667,0.0
"48,80",4,local_a,local_copy,0,1,80,0.0,0.0,0.0
"48,80",4,local_a,local_copy,1,0,48,0.0037731423290097155,0.12336160384409264,0.0
"48,80",4,local_a,local_copy,1,1,80,0.02677465076703811,0.8753880911389234,0.0
"48,80",4,local_b,local_copy,0,0,48,0.0,0.0,0.0
"48,80",4,local_b,local_copy,0,1,80,0.0,0.0,0.0
"48,80",4,local_b,local_copy,1,0,48,0.003288229876488913,0.10556701580073949,0.0
"48,80",4,local_b,local_copy,1,1,80,0.027860039794177283,0.8944329841992605,0.0
"48,80",4,kv_a,kv_lookup,0,0,48,0.04569480419741012,0.012306487177524156,-0.013671875
"48,80",4,kv_a,kv_lookup,0,1,80,2.5352916674746666,0.6828026718807825,-0.55078125
"48,80",4,kv_a,kv_lookup,1,0,48,0.06355364751652814,0.017116216208480275,-0.005859375
"48,80",4,kv_a,kv_lookup,1,1,80,1.0685262935294304,0.28777462473321314,-0.2421875
"48,80",4,kv_b,kv_lookup,0,0,48,0.014249921718146652,0.003518940828634626,-0.005859375
"48,80",4,kv_b,kv_lookup,0,1,80,2.7880361367133446,0.6884903922451407,-0.646484375
"48,80",4,kv_b,kv_lookup,1,0,48,0.06098286231281236,0.01505938687131746,-0.00390625
"48,80",4,kv_b,kv_lookup,1,1,80,1.1862227905658074,0.29293128005490715,-0.259765625
"48,80",4,induction_short,induction,0,0,48,4.888197674241383,0.8820824045306338,-0.5678013190627098
"48,80",4,induction_short,induction,0,1,80,0.0021575986756943166,0.0003893418299954319,-0.0008370280265808105
"48,80",4,induction_short,induction,1,0,48,0.028801520180422813,0.005197276351723577,-0.000558018684387207
"48,80",4,induction_short,induction,1,1,80,0.6224996883538552,0.11233097728764722,-0.10853791236877441
"48,80",4,induction_long,induction,0,0,48,6.937770834483672,0.8044803422112697,-0.7304687649011612
"48,80",4,induction_long,induction,0,1,80,0.01773011713521555,0.002055924163636004,-0.006380185484886169
"48,80",4,induction_long,induction,1,0,48,0.16008779621915892,0.018563237120215677,-0.02135413885116577
"48,80",4,induction_long,induction,1,1,80,1.508327177085448,0.17490049650487854,-0.2897135466337204
"48,80",5,local_a,local_copy,0,0,48,0.0,0.0,0.0
"48,80",5,local_a,local_copy,0,1,80,0.0,0.0,0.0
"48,80",5,local_a,local_copy,1,0,48,0.0030396922447835095,0.11303678541406637,0.0
"48,80",5,local_a,local_copy,1,1,80,0.02385148511530133,0.8869632145859336,0.0
"48,80",5,local_b,local_copy,0,0,48,0.0,0.0,0.0
"48,80",5,local_b,local_copy,0,1,80,0.0,0.0,0.0
"48,80",5,local_b,local_copy,1,0,48,0.0046646888586110435,0.10329921729885438,0.0
"48,80",5,local_b,local_copy,1,1,80,0.040492370222636964,0.8967007827011456,-0.005859375
"48,80",5,kv_a,kv_lookup,0,0,48,0.02023293945239857,0.006405880534805452,-0.0078125
"48,80",5,kv_a,kv_lookup,0,1,80,1.9991747064632364,0.6329517452438218,-0.48046875
"48,80",5,kv_a,kv_lookup,1,0,48,0.053655176248867065,0.01698757859345185,-0.00390625
"48,80",5,kv_a,kv_lookup,1,1,80,1.0854318363708444,0.34365479562792095,-0.248046875
"48,80",5,kv_b,kv_lookup,0,0,48,0.012093735800590366,0.0034985629072711777,-0.001953125
"48,80",5,kv_b,kv_lookup,0,1,80,2.22889351088088,0.6447903517988719,-0.537109375
"48,80",5,kv_b,kv_lookup,1,0,48,0.0762481241254136,0.022057605955072918,-0.00390625
"48,80",5,kv_b,kv_lookup,1,1,80,1.1395370586542413,0.32965347933878403,-0.24609375
"48,80",5,induction_short,induction,0,0,48,3.891411162127042,0.7196907437563567,-0.4045758694410324
"48,80",5,induction_short,induction,0,1,80,0.6524884022364859,0.12067341227476355,-0.1269530951976776
"48,80",5,induction_short,induction,1,0,48,0.05686624176451005,0.010517035112722155,-0.00502227246761322
"48,80",5,induction_short,induction,1,1,80,0.8062943733821157,0.14911880885615758,-0.15792407095432281
"48,80",5,induction_long,induction,0,0,48,4.949962653336115,0.6311654064903267,-0.5886718705296516
"48,80",5,induction_long,induction,0,1,80,1.0954200701089576,0.1396760545985144,-0.25638018548488617
"48,80",5,induction_long,induction,1,0,48,0.2708745748968795,0.03453898001785072,-0.04778642952442169
"48,80",5,induction_long,induction,1,1,80,1.5263186768861488,0.19461955889330812,-0.3023437410593033
"16,112",1,local_a,local_copy,0,0,16,1.890420389827341e-05,6.797444736895735e-05,0.0
"16,112",1,local_a,local_copy,0,1,112,0.0,0.0,0.0
"16,112",1,local_a,local_copy,1,0,16,0.00015532416728092358,0.0005585040497224311,0.0
"16,112",1,local_a,local_copy,1,1,112,0.2779332756981603,0.9993735215029086,-0.01171875
"16,112",1,local_b,local_copy,0,0,16,1.6676931409165263e-06,6.491779327931616e-06,0.0
"16,112",1,local_b,local_copy,0,1,112,1.0975825716741383e-05,4.2725269263722635e-05,0.0
"16,112",1,local_b,local_copy,1,0,16,0.000124694975966122,0.0004853964122134135,0.0
"16,112",1,local_b,local_copy,1,1,112,0.2567557345246314,0.9994653865391949,-0.01171875
"16,112",1,kv_a,kv_lookup,0,0,16,0.016100415406981483,0.0015040260377785447,-0.00390625
"16,112",1,kv_a,kv_lookup,0,1,112,5.263595162599813,0.49170061621158623,-0.716796875
"16,112",1,kv_a,kv_lookup,1,0,16,0.0006648409471381456,6.210635379280497e-05,0.0
"16,112",1,kv_a,kv_lookup,1,1,112,5.424517689913046,0.5067332513968424,-0.89453125
"16,112",1,kv_b,kv_lookup,0,0,16,0.007420634588925168,0.0007341674772591624,-0.00390625
"16,112",1,kv_b,kv_lookup,0,1,112,4.183797008212423,0.41392790038037014,-0.748046875
"16,112",1,kv_b,kv_lookup,1,0,16,0.0019882415363099426,0.00019670855038099653,0.0
"16,112",1,kv_b,kv_lookup,1,1,112,5.914344257529592,0.5851412235919897,-0.94921875
"16,112",1,induction_short,induction,0,0,16,0.04346692291437648,0.006742572044724162,-0.01004461944103241
"16,112",1,induction_short,induction,0,1,112,2.836151260038605,0.4399426717694037,-0.3021763116121292
"16,112",1,induction_short,induction,1,0,16,0.0010904676164500415,0.00016915290923253315,-0.0002790093421936035
"16,112",1,induction_short,induction,1,1,112,3.5659296094381716,0.5531456032766395,-0.6989397257566452
"16,112",1,induction_long,induction,0,0,16,0.6247371018398553,0.04967436770687883,-0.1497395932674408
"16,112",1,induction_long,induction,0,1,112,6.968688535736874,0.5540973887086992,-0.7787760943174362
"16,112",1,induction_long,induction,1,0,16,0.007622895063832402,0.000606114942231858,-0.0007812529802322388
"16,112",1,induction_long,induction,1,1,112,4.975600767182186,0.3956221286421902,-0.8993490133434534
"16,112",2,local_a,local_copy,0,0,16,0.0,0.0,0.0
"16,112",2,local_a,local_copy,0,1,112,0.0,0.0,0.0
"16,112",2,local_a,local_copy,1,0,16,0.00019141704979119822,0.0009391043480616355,0.0
"16,112",2,local_a,local_copy,1,1,112,0.20363795525190653,0.9990608956519383,-0.01953125
"16,112",2,local_b,local_copy,0,0,16,0.0,0.0,0.0
"16,112",2,local_b,local_copy,0,1,112,0.0,0.0,0.0
"16,112",2,local_b,local_copy,1,0,16,0.00014129289047559723,0.0006142607160530025,0.0
"16,112",2,local_b,local_copy,1,1,112,0.22987974993884563,0.999385739283947,-0.005859375
"16,112",2,kv_a,kv_lookup,0,0,16,0.0,0.0,0.0
"16,112",2,kv_a,kv_lookup,0,1,112,4.319803330203285,0.4707240997421596,-0.7109375
"16,112",2,kv_a,kv_lookup,1,0,16,0.0012242272787261754,0.00013340266665127416,0.0
"16,112",2,kv_a,kv_lookup,1,1,112,4.855905029078713,0.529142497591189,-0.869140625
"16,112",2,kv_b,kv_lookup,0,0,16,0.001145989925134927,0.0001287361851832332,0.0
"16,112",2,kv_b,kv_lookup,0,1,112,3.6922442727081943,0.41477279337960166,-0.69921875
"16,112",2,kv_b,kv_lookup,1,0,16,0.00104065056075342,0.00011690275835925381,0.0
"16,112",2,kv_b,kv_lookup,1,1,112,5.207416873454349,0.5849815676768558,-0.890625
"16,112",2,induction_short,induction,0,0,16,0.018827704625437036,0.001984704483580053,-0.003069162368774414
"16,112",2,induction_short,induction,0,1,112,5.986491646646755,0.6310602937737851,-0.6665736511349678
"16,112",2,induction_short,induction,1,0,16,0.0009519718296360224,0.0001003512003246473,-0.0002790093421936035
"16,112",2,induction_short,induction,1,1,112,3.48013069856097,0.36685465054231015,-0.678013376891613
"16,112",2,induction_long,induction,0,0,16,0.48341100302059203,0.039179164713296036,-0.11679686605930328
"16,112",2,induction_long,induction,0,1,112,7.1178107970627025,0.5768794666933087,-0.7826823145151138
"16,112",2,induction_long,induction,1,0,16,0.007757692248560488,0.000628740141416401,-0.0016926974058151245
"16,112",2,induction_long,induction,1,1,112,4.729491900769062,0.3833126284519789,-0.8537760674953461
"16,112",3,local_a,local_copy,0,0,16,5.02647744724527e-05,0.0002485823251086981,0.0
"16,112",3,local_a,local_copy,0,1,112,0.0,0.0,0.0
"16,112",3,local_a,local_copy,1,0,16,0.0001362433031317778,0.0006737855173616161,0.0
"16,112",3,local_a,local_copy,1,1,112,0.2020192378477077,0.9990776321575296,0.0
"16,112",3,local_b,local_copy,0,0,16,0.0,0.0,0.0
"16,112",3,local_b,local_copy,0,1,112,0.0,0.0,0.0
"16,112",3,local_b,local_copy,1,0,16,0.00010997851495631039,0.0004624330165562189,0.0
"16,112",3,local_b,local_copy,1,1,112,0.23771584926726064,0.9995375669834438,-0.01171875
"16,112",3,kv_a,kv_lookup,0,0,16,0.00020097043307032436,2.0412962933105222e-05,0.0
"16,112",3,kv_a,kv_lookup,0,1,112,4.792882733469014,0.48682254442267897,-0.71484375
"16,112",3,kv_a,kv_lookup,1,0,16,0.00026439335488248616,2.6854954087136624e-05,0.0
"16,112",3,kv_a,kv_lookup,1,1,112,5.0518876839923905,0.5131301876603007,-0.86328125
"16,112",3,kv_b,kv_lookup,0,0,16,0.0,0.0,-0.001953125
"16,112",3,kv_b,kv_lookup,0,1,112,4.091279108979506,0.4106564740225679,-0.73828125
"16,112",3,kv_b,kv_lookup,1,0,16,0.0032480729569215328,0.0003260208243749361,0.001953125
"16,112",3,kv_b,kv_lookup,1,1,112,5.868250389554305,0.5890175051530572,-0.9140625
"16,112",3,induction_short,induction,0,0,16,0.013320820449735038,0.0015651983125150287,-0.0027901530265808105
"16,112",3,induction_short,induction,0,1,112,4.7495968089060625,0.5580783059480697,-0.516462042927742
"16,112",3,induction_short,induction,1,0,16,0.0005297886236803606,6.225023923287352e-05,0.0
"16,112",3,induction_short,induction,1,1,112,3.747180496211513,0.44029424550018237,-0.7134486585855484
"16,112",3,induction_long,induction,0,0,16,0.29328032839111984,0.025222226668473617,-0.08229164779186249
"16,112",3,induction_long,induction,0,1,112,6.4504297624807805,0.5547395642621793,-0.7714843973517418
"16,112",3,induction_long,induction,1,0,16,0.005150123732164502,0.00044291272059033713,-0.0013020634651184082
"16,112",3,induction_long,induction,1,1,112,4.878992165206,0.4195952963487567,-0.8716146051883698
"16,112",4,local_a,local_copy,0,0,16,1.9575316400732845e-05,9.918329509631224e-05,0.0
"16,112",4,local_a,local_copy,0,1,112,0.0,0.0,0.0
"16,112",4,local_a,local_copy,1,0,16,0.0001500628059147857,0.000760331187365616,0.0
"16,112",4,local_a,local_copy,1,1,112,0.19719541595986811,0.9991404855175381,-0.00390625
"16,112",4,local_b,local_copy,0,0,16,3.5670382203534245e-06,1.901183663209002e-05,0.0
"16,112",4,local_b,local_copy,0,1,112,0.0,0.0,0.0
"16,112",4,local_b,local_copy,1,0,16,0.00011929576430702582,0.0006358304682479047,0.0
"16,112",4,local_b,local_copy,1,1,112,0.1874991060467437,0.99934515769512,-0.005859375
"16,112",4,kv_a,kv_lookup,0,0,16,0.0008721106278244406,9.779429842684144e-05,0.0
"16,112",4,kv_a,kv_lookup,0,1,112,4.218656893674051,0.47305992847442085,-0.740234375
"16,112",4,kv_a,kv_lookup,1,0,16,0.00027799815870821476,3.117337872907606e-05,0.0
"16,112",4,kv_a,kv_lookup,1,1,112,4.697999473515665,0.5268111038484232,-0.869140625
"16,112",4,kv_b,kv_lookup,0,0,16,0.0,0.0,-0.001953125
"16,112",4,kv_b,kv_lookup,0,1,112,4.074866120063234,0.43773784487593903,-0.76953125
"16,112",4,kv_b,kv_lookup,1,0,16,0.0017545130976941437,0.0001884765682017853,0.0
"16,112",4,kv_b,kv_lookup,1,1,112,5.232298318587709,0.5620736785558592,-0.904296875
"16,112",4,induction_short,induction,0,0,16,0.42874331297934987,0.08310329279521733,-0.08816960453987122
"16,112",4,induction_short,induction,0,1,112,1.1816907179600094,0.22904704692793912,-0.23772317171096802
"16,112",4,induction_short,induction,1,0,16,0.00032798734901007265,6.357376983562192e-05,0.0
"16,112",4,induction_short,induction,1,1,112,3.548399533057818,0.6877860865070079,-0.6810825765132904
"16,112",4,induction_long,induction,0,0,16,4.3895095974439755,0.39384052055613145,-0.5701823309063911
"16,112",4,induction_long,induction,0,1,112,1.5891218573087826,0.1425809798602691,-0.27031251788139343
"16,112",4,induction_long,induction,1,0,16,0.007898463984020054,0.0007086748754056044,-0.001302093267440796
"16,112",4,induction_long,induction,1,1,112,5.158868709229864,0.4628698247081939,-0.8937500528991222
"16,112",5,local_a,local_copy,0,0,16,2.3894761397968978e-05,0.00016521273807483568,0.0
"16,112",5,local_a,local_copy,0,1,112,0.0,0.0,0.0
"16,112",5,local_a,local_copy,1,0,16,0.00020009327272418886,0.0013834813793088538,0.0
"16,112",5,local_a,local_copy,1,1,112,0.14440627278236207,0.9984513058826163,0.0
"16,112",5,local_b,local_copy,0,0,16,0.0,0.0,0.0
"16,112",5,local_b,local_copy,0,1,112,0.0,0.0,0.0
"16,112",5,local_b,local_copy,1,0,16,0.00019691724446602166,0.0014343428908645754,0.0
"16,112",5,local_b,local_copy,1,1,112,0.13709050943725742,0.9985656571091355,0.0
"16,112",5,kv_a,kv_lookup,0,0,16,0.02435619116295129,0.0025512871093792805,-0.0078125
"16,112",5,kv_a,kv_lookup,0,1,112,4.430646846012678,0.46410590674122465,-0.75390625
"16,112",5,kv_a,kv_lookup,1,0,16,0.0017194247338920832,0.00018010805260058652,-0.001953125
"16,112",5,kv_a,kv_lookup,1,1,112,5.089906403736677,0.5331626980967955,-0.896484375
"16,112",5,kv_b,kv_lookup,0,0,16,0.0003164844529237598,3.6974370520060314e-05,0.0
"16,112",5,kv_b,kv_lookup,0,1,112,3.877081796468701,0.45295324163600564,-0.74609375
"16,112",5,kv_b,kv_lookup,1,0,16,0.0004493397136684507,5.249563733406324e-05,0.0
"16,112",5,kv_b,kv_lookup,1,1,112,4.6817153542651795,0.5469572883561402,-0.8671875
"16,112",5,induction_short,induction,0,0,16,0.203978595949593,0.02311274577465756,-0.04268968105316162
"16,112",5,induction_short,induction,0,1,112,4.866643337227288,0.5514377119110169,-0.5996093526482582
"16,112",5,induction_short,induction,1,0,16,0.000601556574110873,6.816217212287513e-05,0.0
"16,112",5,induction_short,induction,1,1,112,3.7541492261661915,0.4253813801422027,-0.7218191772699356
"16,112",5,induction_long,induction,0,0,16,2.91427996638231,0.2067887199083106,-0.3733073025941849
"16,112",5,induction_long,induction,0,1,112,6.349343626527116,0.4505307163118626,-0.7003906592726707
"16,112",5,induction_long,induction,1,0,16,0.009981154464185238,0.0007082333127445383,-0.002083331346511841
"16,112",5,induction_long,induction,1,1,112,4.819426863221452,0.3419723304670823,-0.8494792096316814
