config,seed,role,family,loss,accuracy,top_layer,top_head,top_head_dim,top_role_score,global_top_specialization,effective_heads,top_dim,top_dim_mass,head_dim_affinity_json
uniform4,1,local_a,local_copy,0.0002940155318356119,1.0,1,1,32,0.0023492918771808036,0.3166723254792231,4.032836947786642,32,1.0,"{""32"": 1.0}"
uniform4,1,local_b,local_copy,0.00019838065782096237,1.0,1,3,32,0.0015277671773219481,0.28244640079117433,4.045283585866885,32,1.0,"{""32"": 1.0}"
uniform4,1,kv_a,kv_lookup,0.0029667672934010625,1.0,0,0,32,0.11691949504893273,0.290328287602147,5.527021934979484,32,1.0,"{""32"": 1.0}"
uniform4,1,kv_b,kv_lookup,0.0072603049338795245,0.99609375,0,0,32,0.19279260834446177,0.3756110561398374,5.707700330645353,32,1.0,"{""32"": 1.0}"
uniform4,1,induction_short,induction,0.0005310948108672164,1.0,0,2,32,5.022133332946396,0.8387571703430746,1.7109997394251157,32,1.0,"{""32"": 1.0}"
uniform4,1,induction_long,induction,0.0054924605647102,0.9993489980697632,0,2,32,6.91312383429613,0.597857998344172,2.910915394293538,32,0.9999999999999999,"{""32"": 0.9999999999999999}"
uniform4,2,local_a,local_copy,0.0003145936061628163,1.0,1,2,32,0.0020194663084112108,0.2730387572819695,4.040864530021571,32,1.0,"{""32"": 1.0}"
uniform4,2,local_b,local_copy,0.0002276476261613425,1.0,0,3,32,0.006207160731719341,0.47148479495512613,4.151864239483989,32,1.0,"{""32"": 1.0}"
uniform4,2,kv_a,kv_lookup,0.002988496096804738,1.0,0,1,32,0.10257127112708986,0.2479984859648842,6.3649246026358925,32,1.0,"{""32"": 1.0}"
uniform4,2,kv_b,kv_lookup,0.0029092447366565466,1.0,0,1,32,0.0795363171491772,0.23206673171323125,6.318507070651371,32,1.0,"{""32"": 1.0}"
uniform4,2,induction_short,induction,0.0004520631191553548,1.0,0,3,32,3.4901846432330785,0.9631357209138568,1.2368603939367375,32,1.0,"{""32"": 1.0}"
uniform4,2,induction_long,induction,0.0029585161828435957,0.9998698085546494,0,3,32,6.216895004210528,0.7413073901783029,2.2550353421071025,32,1.0,"{""32"": 1.0}"
uniform4,3,local_a,local_copy,0.00039239414036273956,1.0,1,1,32,0.002703805803321302,0.32205770662361927,3.9936338425220406,32,1.0,"{""32"": 1.0}"
uniform4,3,local_b,local_copy,0.0005385657277656719,1.0,1,3,32,0.003827558030025102,0.3600732050884047,3.801600605911898,32,1.0,"{""32"": 1.0}"
uniform4,3,kv_a,kv_lookup,0.005179332161787897,0.998046875,1,2,32,0.07203265506541356,0.19200811129373177,6.7796561884056015,32,0.9999999999999999,"{""32"": 0.9999999999999999}"
uniform4,3,kv_b,kv_lookup,0.006542151561006904,0.998046875,1,3,32,0.10081375413574278,0.3016419354788838,6.0532223303286345,32,1.0,"{""32"": 1.0}"
uniform4,3,induction_short,induction,0.001500622158346232,0.9997209906578064,0,3,32,2.8923381410786533,0.8556861961141966,1.7382898733362087,32,1.0,"{""32"": 1.0}"
uniform4,3,induction_long,induction,0.0066808570409193635,0.9994792193174362,0,3,32,6.647702921531163,0.8532859455679831,1.9162177166645897,32,1.0,"{""32"": 1.0}"
uniform4,4,local_a,local_copy,0.0003940845199394971,1.0,1,1,32,0.002372807153733447,0.29893004132668843,4.005687315201919,32,1.0,"{""32"": 1.0}"
uniform4,4,local_b,local_copy,0.00029123924468876794,1.0,1,1,32,0.0022370129809132777,0.323943087324994,3.8757786547675273,32,1.0,"{""32"": 1.0}"
uniform4,4,kv_a,kv_lookup,0.006856309482827783,0.998046875,1,2,32,0.09206142998300493,0.2719670588632971,5.849119212632438,32,0.9999999999999999,"{""32"": 0.9999999999999999}"
uniform4,4,kv_b,kv_lookup,0.006665927416179329,0.998046875,1,2,32,0.10673872841289267,0.2841108137716884,5.530504320272487,32,1.0,"{""32"": 1.0}"
uniform4,4,induction_short,induction,0.0008061340922722593,1.0,0,0,32,6.2531665154820075,0.7218869775174844,1.9825773840263299,32,1.0,"{""32"": 1.0}"
uniform4,4,induction_long,induction,0.005553378839977086,0.9994792193174362,0,0,32,3.67244319699239,0.44556578387959667,3.5928421846241823,32,1.0,"{""32"": 1.0}"
uniform4,5,local_a,local_copy,0.0004089924768777564,1.0,1,1,32,0.0032618993864161894,0.43106330702850476,3.6960011665297072,32,1.0,"{""32"": 1.0}"
uniform4,5,local_b,local_copy,0.0003106898511759937,1.0,1,1,32,0.002254570630611852,0.3043640780948096,3.9832504701950766,32,1.0,"{""32"": 1.0}"
uniform4,5,kv_a,kv_lookup,0.013183818140532821,0.99609375,1,1,32,0.08461457217345014,0.2289983664926971,7.147497607010566,32,1.0,"{""32"": 1.0}"
uniform4,5,kv_b,kv_lookup,0.0036382901307661086,1.0,1,2,32,0.07295215103658848,0.24729931934327293,6.063407286960895,32,1.0,"{""32"": 1.0}"
uniform4,5,induction_short,induction,0.0006055264821043238,1.0,0,3,32,3.370315608466626,0.9036077054353299,1.5886492944456485,32,1.0,"{""32"": 1.0}"
uniform4,5,induction_long,induction,0.004188312857877463,0.9998698085546494,0,3,32,2.550012694031466,0.5037950393880193,4.615856645581525,32,1.0,"{""32"": 1.0}"
hetero4,1,local_a,local_copy,0.00047196454397635534,1.0,1,3,64,0.020017729308165144,0.8727906578886205,1.621172021034628,64,0.8727906578886205,"{""16"": 0.036873103366215756, ""32"": 0.09033623874516375, ""64"": 0.8727906578886205}"
hetero4,1,local_b,local_copy,0.0003201712534064427,1.0,1,3,64,0.03234382228401955,0.9189823136816521,1.400681471378734,64,0.9189823136816521,"{""16"": 0.018167089886175436, ""32"": 0.06285059643217253, ""64"": 0.9189823136816521}"
hetero4,1,kv_a,kv_lookup,0.0033714004093781114,1.0,0,3,64,1.651558356708847,0.5516198882704353,2.2651611959297817,64,0.973954834901255,"{""16"": 0.015688424507075905, ""32"": 0.01035674059166904, ""64"": 0.973954834901255}"
hetero4,1,kv_b,kv_lookup,0.0023625672911293805,1.0,0,3,64,2.27386019815458,0.6566216286098805,2.014819579476175,64,0.98905183742068,"{""16"": 0.0020321560532137128, ""32"": 0.008916006526106232, ""64"": 0.98905183742068}"
hetero4,1,induction_short,induction,0.001330267230514437,0.9997209906578064,1,3,64,0.649276245792862,0.490477424062011,2.8263720330591378,64,0.4908526599496023,"{""16"": 0.0847939462182013, ""32"": 0.4243533938321964, ""64"": 0.4908526599496023}"
hetero4,1,induction_long,induction,0.004861166002228856,0.9994792193174362,0,2,32,3.614607522962615,0.4234801032574525,4.205870754171783,32,0.4352354225743934,"{""16"": 0.3877137332100751, ""32"": 0.4352354225743934, ""64"": 0.1770508442155316}"
hetero4,2,local_a,local_copy,0.0003772717172978446,1.0,1,3,64,0.014844683071714826,0.8464425400653343,1.7042100949114678,64,0.8464425400653343,"{""16"": 0.0282450601836366, ""32"": 0.12531239975102917, ""64"": 0.8464425400653343}"
hetero4,2,local_b,local_copy,0.0002980670615215786,1.0,1,3,64,0.03110799047135515,0.923105623336122,1.3697519577526114,64,0.923105623336122,"{""16"": 0.012753094984139476, ""32"": 0.06414128167973847, ""64"": 0.923105623336122}"
hetero4,2,kv_a,kv_lookup,0.0030483025475405157,1.0,0,3,64,1.6517966073588468,0.5697469096097548,2.2485551519657423,64,0.9751651279239302,"{""16"": 0.0073953507601450886, ""32"": 0.017439521315924713, ""64"": 0.9751651279239302}"
hetero4,2,kv_b,kv_lookup,0.003669568453915417,1.0,0,3,64,1.6200005029095337,0.5578589558044688,2.2208954513378676,64,0.9762575874298509,"{""16"": 0.003911118183036654, ""32"": 0.01983129438711232, ""64"": 0.9762575874298509}"
hetero4,2,induction_short,induction,0.0005300130578689277,1.0,0,2,32,0.9659971211222,0.561164119691012,3.102537308411443,32,0.5696806997417515,"{""16"": 0.08132034551567224, ""32"": 0.5696806997417515, ""64"": 0.34899895474257625}"
hetero4,2,induction_long,induction,0.0036581563763320446,0.9998698085546494,0,2,32,4.028572757262737,0.6167712768309174,2.974808272506687,32,0.6334021748896227,"{""16"": 0.168310856484553, ""32"": 0.6334021748896227, ""64"": 0.19828696862582434}"
hetero4,3,local_a,local_copy,0.0003649805221357383,1.0,1,3,64,0.025335089208965655,0.9046519078376571,1.4686287219436724,64,0.9046519078376571,"{""16"": 0.021384783685082766, ""32"": 0.07396330847726007, ""64"": 0.9046519078376571}"
hetero4,3,local_b,local_copy,0.00027617130399448797,1.0,1,3,64,0.04099231429427164,0.9530894937232155,1.252118216157362,64,0.9530894937232155,"{""16"": 0.012516316288857725, ""32"": 0.034394189987926795, ""64"": 0.9530894937232155}"
hetero4,3,kv_a,kv_lookup,0.00513100519310683,0.998046875,0,3,64,2.075159580563195,0.6293626641815588,2.0882047326821973,64,0.9845417525644033,"{""16"": 0.0025328546960620636, ""32"": 0.012925392739534669, ""64"": 0.9845417525644033}"
hetero4,3,kv_b,kv_lookup,0.0025315422972198576,1.0,0,3,64,2.061473325971747,0.6108406470313764,2.0938711778551418,64,0.9844621311931372,"{""16"": 0.0008693085938398567, ""32"": 0.014668560213023027, ""64"": 0.9844621311931372}"
hetero4,3,induction_short,induction,0.0006425075698643923,1.0,0,3,64,1.7404012090992182,0.6750676386087215,2.486051826895702,64,0.8834536689930699,"{""16"": 0.011426846233734888, ""32"": 0.10511948477319533, ""64"": 0.8834536689930699}"
hetero4,3,induction_long,induction,0.003308601793833077,0.9997396171092987,0,2,32,2.5936577840475366,0.3994549598912927,3.534402946469695,64,0.5488837758768828,"{""16"": 0.03762890906268504, ""32"": 0.41348731506043224, ""64"": 0.5488837758768828}"
hetero4,4,local_a,local_copy,0.0004145902203163132,1.0,1,3,64,0.01894575463666115,0.8782515113906442,1.5785388732225702,64,0.8782515113906442,"{""16"": 0.027136200981834703, ""32"": 0.0946122876275211, ""64"": 0.8782515113906442}"
hetero4,4,local_b,local_copy,0.00031377522100228816,1.0,1,3,64,0.024792396390694194,0.9126605180554658,1.4308950050800031,64,0.9126605180554658,"{""16"": 0.018852090941629887, ""32"": 0.06848739100290431, ""64"": 0.9126605180554658}"
hetero4,4,kv_a,kv_lookup,0.004010563483461738,1.0,0,3,64,1.6107267087791115,0.5917686711697043,2.2211465785696394,64,0.9722540292718034,"{""16"": 0.004282893687583815, ""32"": 0.023463077040612904, ""64"": 0.9722540292718034}"
hetero4,4,kv_b,kv_lookup,0.012673368386458606,0.99609375,0,3,64,1.8775036133010872,0.591798836827203,2.13512021423608,64,0.9828857925190793,"{""16"": 0.001992108061620961, ""32"": 0.015122099419299746, ""64"": 0.9828857925190793}"
hetero4,4,induction_short,induction,0.00048771595174912363,1.0,1,3,64,0.4739712094742572,0.5395822206888202,2.844660505145151,64,0.5395924308959529,"{""16"": 0.3051868852764291, ""32"": 0.15522068382761808, ""64"": 0.5395924308959529}"
hetero4,4,induction_long,induction,0.003884261299390346,0.9998698085546494,0,2,32,3.522437149833422,0.47839765473040485,3.154444711939975,32,0.4929814104537276,"{""16"": 0.32271540910561497, ""32"": 0.4929814104537276, ""64"": 0.1843031804406575}"
hetero4,5,local_a,local_copy,0.0004728702988359146,1.0,1,3,64,0.021781835130241234,0.8702835870684027,1.5992358656676664,64,0.8702835870684027,"{""16"": 0.0263282585528741, ""32"": 0.10338815437872323, ""64"": 0.8702835870684027}"
hetero4,5,local_b,local_copy,0.0003859219650621526,1.0,1,3,64,0.022886606813699473,0.8899472191131804,1.5463041222817486,64,0.8899472191131804,"{""16"": 0.03258234036700558, ""32"": 0.07747044051981403, ""64"": 0.8899472191131804}"
hetero4,5,kv_a,kv_lookup,0.0025603928952477872,1.0,0,3,64,1.3840652844519354,0.5335961886051672,2.2160374786212027,64,0.9782143591435797,"{""16"": 0.004237834423013361, ""32"": 0.017547806433406945, ""64"": 0.9782143591435797}"
hetero4,5,kv_b,kv_lookup,0.00547656073467806,0.998046875,0,3,64,2.4150334332953207,0.6878188583741537,1.9739007289097128,64,0.9888058380140694,"{""16"": 0.0023887028753866945, ""32"": 0.00880545911054391, ""64"": 0.9888058380140694}"
hetero4,5,induction_short,induction,0.0004340289524407126,1.0,0,1,16,0.5735161797711044,0.4511197847859462,3.2285357047752385,16,0.5497069949851336,"{""16"": 0.5497069949851336, ""32"": 0.06628326299753703, ""64"": 0.38400974201732924}"
hetero4,5,induction_long,induction,0.003844639693852514,0.9998698085546494,0,0,16,3.130148568714503,0.2991196226771375,4.093922459459947,16,0.5907182267370928,"{""16"": 0.5907182267370928, ""32"": 0.2875032401475717, ""64"": 0.12177853311533547}"
hetero4_64first,1,local_a,local_copy,0.00028420722082955763,1.0,1,0,64,0.024658175017975736,0.9418463301179024,1.3195711341688672,64,0.9418463301179024,"{""16"": 0.018370695309279497, ""32"": 0.0397829745728181, ""64"": 0.9418463301179024}"
hetero4_64first,1,local_b,local_copy,0.00023522817718912847,1.0,1,0,64,0.04365598193180631,0.9487284584600543,1.2932646636429006,64,0.9487284584600543,"{""16"": 0.027686446434362962, ""32"": 0.023585095105582786, ""64"": 0.9487284584600543}"
hetero4_64first,1,kv_a,kv_lookup,0.002247980242827907,1.0,0,0,64,2.023856768006226,0.602763185413441,2.077551709326077,64,0.9881154211043874,"{""16"": 0.001621124540711541, ""32"": 0.01026345435490098, ""64"": 0.9881154211043874}"
hetero4_64first,1,kv_b,kv_lookup,0.0128998170257546,0.99609375,0,0,64,2.3806354989646934,0.6188328500397464,2.167230734016883,64,0.9774664169132261,"{""16"": 0.004543327779173683, ""32"": 0.017990255307600105, ""64"": 0.9774664169132261}"
hetero4_64first,1,induction_short,induction,0.0005130593781359494,1.0,0,3,32,0.9129639292950742,0.5492420952154096,2.9840209563211424,32,0.5570826701711509,"{""16"": 0.17640212156983404, ""32"": 0.5570826701711509, ""64"": 0.2665152082590151}"
hetero4_64first,1,induction_long,induction,0.004914058023132384,0.9993490278720856,0,3,32,4.279157149023376,0.509739319295495,3.08562882875687,32,0.521594539411518,"{""16"": 0.3237279409979918, ""32"": 0.521594539411518, ""64"": 0.15467751959049014}"
hetero4_64first,2,local_a,local_copy,0.0003572785426513292,1.0,1,0,64,0.0347261508795782,0.949663205439698,1.27682681364939,64,0.949663205439698,"{""16"": 0.016433437942426295, ""32"": 0.0339033566178758, ""64"": 0.949663205439698}"
hetero4_64first,2,local_b,local_copy,0.00028417645808076486,1.0,1,0,64,0.05907118073810125,0.9703970913769885,1.170434244537048,64,0.9703970913769885,"{""16"": 0.0084418198935442, ""32"": 0.021161088729467287, ""64"": 0.9703970913769885}"
hetero4_64first,2,kv_a,kv_lookup,0.0032790927216410637,1.0,0,0,64,1.9718612404540181,0.6137855421556687,2.089343584612833,64,0.9860886368600194,"{""16"": 0.0021777965712304432, ""32"": 0.011733566568750147, ""64"": 0.9860886368600194}"
hetero4_64first,2,kv_b,kv_lookup,0.0023430503206327558,1.0,0,0,64,1.9432414256734774,0.5741123667385767,2.122938488715117,64,0.9874706243944285,"{""16"": 0.0018431660284472665, ""32"": 0.010686209577124343, ""64"": 0.9874706243944285}"
hetero4_64first,2,induction_short,induction,0.0006104179337853566,1.0,0,0,64,2.4981797269865638,0.5373294342665642,3.113842659339458,64,0.6579354079535469,"{""16"": 0.04654055640482763, ""32"": 0.2955240356416255, ""64"": 0.6579354079535469}"
hetero4_64first,2,induction_long,induction,0.005489735747687519,0.9992187917232513,0,3,32,4.811841220711358,0.4410546465330578,4.384957471190849,32,0.44960842440017496,"{""16"": 0.22593316765221907, ""32"": 0.44960842440017496, ""64"": 0.324458407947606}"
hetero4_64first,3,local_a,local_copy,0.00042222466436214745,1.0,1,0,64,0.030339487100718543,0.9317869059703202,1.3448457095751154,64,0.9317869059703202,"{""16"": 0.01463471610394063, ""32"": 0.05357837792573912, ""64"": 0.9317869059703202}"
hetero4_64first,3,local_b,local_copy,0.0003304428973933682,1.0,1,0,64,0.03503327596990857,0.9430414355895274,1.2912679699966545,64,0.9430414355895274,"{""16"": 0.01173769709755236, ""32"": 0.045220867312920285, ""64"": 0.9430414355895274}"
hetero4_64first,3,kv_a,kv_lookup,0.017848970368504524,0.99609375,0,0,64,2.2283341865986586,0.6434227065087232,2.201734235406822,64,0.9705863020471446,"{""16"": 0.01026801359892327, ""32"": 0.01914568435393216, ""64"": 0.9705863020471446}"
hetero4_64first,3,kv_b,kv_lookup,0.010795318230520934,0.99609375,0,0,64,2.5668234595214017,0.6754946274837471,2.047909609460077,64,0.9808540659600056,"{""16"": 0.003933872508483811, ""32"": 0.015212061531510676, ""64"": 0.9808540659600056}"
hetero4_64first,3,induction_short,induction,0.0039609009472769685,0.9988839626312256,1,0,64,0.4249913012536126,0.5211331922682528,3.2269741679338115,64,0.5211331922682528,"{""16"": 0.18304717180749547, ""32"": 0.2958196359242517, ""64"": 0.5211331922682528}"
hetero4_64first,3,induction_long,induction,0.006509259925223887,0.9990886002779007,0,3,32,2.37521551491227,0.46761908292997373,4.123243132039365,32,0.4831866324161206,"{""16"": 0.14442668367876196, ""32"": 0.4831866324161206, ""64"": 0.3723866839051175}"
hetero4_64first,4,local_a,local_copy,0.00035012168518733233,1.0,1,0,64,0.03580602463625837,0.9605514054627944,1.2292108464200282,64,0.9605514054627944,"{""16"": 0.012989072935014067, ""32"": 0.02645952160219153, ""64"": 0.9605514054627944}"
hetero4_64first,4,local_b,local_copy,0.0002507167919247877,1.0,1,0,64,0.034298635455343174,0.9756124711490541,1.147921858267654,64,0.9756124711490541,"{""16"": 0.008488764072116305, ""32"": 0.015898764778829528, ""64"": 0.9756124711490541}"
hetero4_64first,4,kv_a,kv_lookup,0.0026837342884391546,1.0,0,0,64,1.9445156699512154,0.5856539688738059,2.0762371044415366,64,0.99129570094159,"{""16"": 0.003886101921993126, ""32"": 0.0048181971364168194, ""64"": 0.99129570094159}"
hetero4_64first,4,kv_b,kv_lookup,0.013779627333860844,0.998046875,0,0,64,2.1605436632526107,0.5693578182206961,2.081948968843241,64,0.9915728716564034,"{""16"": 0.0019507257133785328, ""32"": 0.006476402630217941, ""64"": 0.9915728716564034}"
hetero4_64first,4,induction_short,induction,0.003362093702889979,0.9991629719734192,0,0,64,3.2355012552579865,0.7842441044405746,1.9841657652519797,64,0.9209342503999406,"{""16"": 0.07558227569641617, ""32"": 0.0034834739036432314, ""64"": 0.9209342503999406}"
hetero4_64first,4,induction_long,induction,0.008328449679538608,0.9981771409511566,0,0,64,3.8074089766014367,0.6247575742785564,2.7206450118514414,64,0.863660714955444,"{""16"": 0.1188036635843364, ""32"": 0.017535621460219485, ""64"": 0.863660714955444}"
hetero4_64first,5,local_a,local_copy,0.0006392511277226731,1.0,1,0,64,0.029070705946651287,0.9127061314997933,1.447144607823045,64,0.9127061314997933,"{""16"": 0.027780447122059654, ""32"": 0.05951342137814702, ""64"": 0.9127061314997933}"
hetero4_64first,5,local_b,local_copy,0.0002948945912066847,1.0,1,0,64,0.038416997384047136,0.9541926733829141,1.2550291503671633,64,0.9541926733829141,"{""16"": 0.016351381882974976, ""32"": 0.0294559447341109, ""64"": 0.9541926733829141}"
hetero4_64first,5,kv_a,kv_lookup,0.006451395980548114,0.998046875,0,0,64,2.3447304687579162,0.707733285485645,1.9402284615627512,64,0.9889330039199316,"{""16"": 0.004408913408430557, ""32"": 0.006658082671637794, ""64"": 0.9889330039199316}"
hetero4_64first,5,kv_b,kv_lookup,0.005665002390742302,0.998046875,0,0,64,2.464118244126439,0.7153798269588653,2.043651560059815,64,0.9770544311426099,"{""16"": 0.012242984484652183, ""32"": 0.01070258437273793, ""64"": 0.9770544311426099}"
hetero4_64first,5,induction_short,induction,0.0005331174179445952,1.0,0,1,16,0.6158195152238477,0.33028749671527924,4.707331738424133,16,0.5292191608837372,"{""16"": 0.5292191608837372, ""32"": 0.10650989478082912, ""64"": 0.36427094433543367}"
hetero4_64first,5,induction_long,induction,0.003927943063899875,0.9997396171092987,0,1,16,1.7119949192274362,0.2945451049580961,4.524841007142735,16,0.5355012327968357,"{""16"": 0.5355012327968357, ""32"": 0.2338452845351104, ""64"": 0.23065348266805394}"
hetero4_64second,1,local_a,local_copy,0.00030142994364723563,1.0,1,1,64,0.021829087811056525,0.9405548494811413,1.3286906442406934,64,0.9405548494811413,"{""16"": 0.01906765300486936, ""32"": 0.040377497513989336, ""64"": 0.9405548494811413}"
hetero4_64second,1,local_b,local_copy,0.00021688077686121687,1.0,1,1,64,0.018443491346261,0.9194002755707078,1.3931889935148865,64,0.9194002755707078,"{""16"": 0.014800656669251101, ""32"": 0.06579906776004105, ""64"": 0.9194002755707078}"
hetero4_64second,1,kv_a,kv_lookup,0.0033138583530671895,1.0,0,1,64,2.4754469801555388,0.6681773906008424,2.005346029578152,64,0.9880700578615165,"{""16"": 0.001537632167245563, ""32"": 0.010392309971238047, ""64"": 0.9880700578615165}"
hetero4_64second,1,kv_b,kv_lookup,0.0025360930885653943,1.0,0,1,64,2.4311964165244717,0.669900782133215,2.015119682519876,64,0.9860043850256281,"{""16"": 0.0019211250127287168, ""32"": 0.012074489961643148, ""64"": 0.9860043850256281}"
hetero4_64second,1,induction_short,induction,0.0005843798426212743,1.0,0,3,32,1.1633288999291835,0.5541053236761313,3.060452772418422,32,0.5604120606139854,"{""16"": 0.19639559828603442, ""32"": 0.5604120606139854, ""64"": 0.2431923410999801}"
hetero4_64second,1,induction_long,induction,0.005669293168466538,0.9992187917232513,0,3,32,5.160481515165884,0.5595148003299477,3.2056915552139187,32,0.570412649845216,"{""16"": 0.2615692780875729, ""32"": 0.570412649845216, ""64"": 0.16801807206721106}"
hetero4_64second,2,local_a,local_copy,0.00033413834898965433,1.0,1,1,64,0.0402910482880543,0.9557811764952034,1.2470995285569468,64,0.9557811764952034,"{""16"": 0.01345886245270176, ""32"": 0.030759961052094848, ""64"": 0.9557811764952034}"
hetero4_64second,2,local_b,local_copy,0.0002767410478554666,1.0,1,1,64,0.0854427493759431,0.974067338670224,1.1519409153280122,64,0.974067338670224,"{""16"": 0.006382954861668403, ""32"": 0.01954970646810761, ""64"": 0.974067338670224}"
hetero4_64second,2,kv_a,kv_lookup,0.008718801953364164,0.998046875,0,1,64,1.8211903140763752,0.6031478101566036,2.1397551287577046,64,0.9799450860275667,"{""16"": 0.0018188392171223958, ""32"": 0.0182360747553109, ""64"": 0.9799450860275667}"
hetero4_64second,2,kv_b,kv_lookup,0.0034217723296023905,1.0,0,1,64,2.0983330420567654,0.589703888616737,2.0677918566680606,64,0.9909884841371122,"{""16"": 0.0018254078357911297, ""32"": 0.007186108027096653, ""64"": 0.9909884841371122}"
hetero4_64second,2,induction_short,induction,0.000507411576109007,1.0,0,3,32,4.4492464689246845,0.8543243604475419,1.6891828443341683,32,0.8563801231443912,"{""16"": 0.001025812893578734, ""32"": 0.8563801231443912, ""64"": 0.14259406396203006}"
hetero4_64second,2,induction_long,induction,0.003221000311896205,0.9998698085546494,0,3,32,7.414712225319818,0.7667991774231152,2.1670909923231827,32,0.7761372072487592,"{""16"": 0.011075057988224526, ""32"": 0.7761372072487592, ""64"": 0.21278773476301618}"
hetero4_64second,3,local_a,local_copy,0.0003753816708922386,1.0,1,1,64,0.025780762545764446,0.9116076181292166,1.427515349069174,64,0.9116076181292166,"{""16"": 0.015364219261901981, ""32"": 0.0730281626088814, ""64"": 0.9116076181292166}"
hetero4_64second,3,local_b,local_copy,0.00027373269404051825,1.0,1,1,64,0.04113822873478057,0.9481071938058152,1.266517369762263,64,0.9481071938058152,"{""16"": 0.009207976408647157, ""32"": 0.04268482978553762, ""64"": 0.9481071938058152}"
hetero4_64second,3,kv_a,kv_lookup,0.009160947636701167,0.998046875,0,1,64,2.0981210948666558,0.6235831056348068,2.1442123342225914,64,0.9810524609827134,"{""16"": 0.005710990608216703, ""32"": 0.013236548409069975, ""64"": 0.9810524609827134}"
hetero4_64second,3,kv_b,kv_lookup,0.004664591571781784,0.998046875,0,1,64,2.3207566821365617,0.6148428203233977,2.0643408122670275,64,0.9896051843595708,"{""16"": 0.0026556396825801586, ""32"": 0.0077391759578490735, ""64"": 0.9896051843595708}"
hetero4_64second,3,induction_short,induction,0.000989407577435486,0.9997209906578064,0,3,32,2.2426315841294127,0.6562875082547313,2.485360067501252,32,0.6599700095070679,"{""16"": 0.0015756553330274516, ""32"": 0.6599700095070679, ""64"": 0.33845433515990475}"
hetero4_64second,3,induction_long,induction,0.004547896969597787,0.9996094107627869,0,3,32,5.7646658986923285,0.7007818476397734,2.5945994330871582,32,0.7108135254364157,"{""16"": 0.032632979475466645, ""32"": 0.7108135254364157, ""64"": 0.25655349508811764}"
hetero4_64second,4,local_a,local_copy,0.0002986594699905254,1.0,1,1,64,0.03097006803000113,0.9550841580616466,1.2585126876992316,64,0.9557996750016043,"{""16"": 0.016355665583008015, ""32"": 0.027844659415387663, ""64"": 0.9557996750016043}"
hetero4_64second,4,local_b,local_copy,0.0002355766591790598,1.0,1,1,64,0.0422316123622295,0.9742556647469856,1.1537953544719537,64,0.9742556647469856,"{""16"": 0.008401914977334106, ""32"": 0.01734242027568039, ""64"": 0.9742556647469856}"
hetero4_64second,4,kv_a,kv_lookup,0.001572928245877847,1.0,0,1,64,2.1205671514908317,0.5634014601699486,2.036416305140427,64,0.9958236974541439,"{""16"": 0.0006117509981564557, ""32"": 0.003564551547699619, ""64"": 0.9958236974541439}"
hetero4_64second,4,kv_b,kv_lookup,0.002062176790786907,1.0,0,1,64,2.4096185812086333,0.5758044664256088,2.0344449294517273,64,0.9955266379674639,"{""16"": 0.0010441431222429822, ""32"": 0.0034292189102930978, ""64"": 0.9955266379674639}"
hetero4_64second,4,induction_short,induction,0.00046434623800450936,1.0,1,1,64,0.5912828631917364,0.7259805410899894,2.3567914135667474,64,0.730210511421521,"{""16"": 0.25694027906242284, ""32"": 0.012849209516056063, ""64"": 0.730210511421521}"
hetero4_64second,4,induction_long,induction,0.0025917728198692203,1.0,0,0,16,1.8937642733799294,0.3708947912416412,3.6446129959811624,16,0.6284515557786275,"{""16"": 0.6284515557786275, ""32"": 0.04623114725329631, ""64"": 0.3253172969680761}"
hetero4_64second,5,local_a,local_copy,0.0007440911431331187,1.0,1,1,64,0.03266172410803847,0.8949908542242958,1.5210538341368134,64,0.8949908542242958,"{""16"": 0.03011784893016786, ""32"": 0.07489129684553632, ""64"": 0.8949908542242958}"
hetero4_64second,5,local_b,local_copy,0.0003932043837266974,1.0,1,1,64,0.1253310982210678,0.9577289682491027,1.244057310887689,64,0.9577289682491027,"{""16"": 0.009965807943635076, ""32"": 0.03230522380726221, ""64"": 0.9577289682491027}"
hetero4_64second,5,kv_a,kv_lookup,0.004347006557509303,1.0,0,1,64,1.8330741424579173,0.5967211329136826,2.106312367373375,64,0.986481620608336,"{""16"": 0.0015663941169295678, ""32"": 0.011951985274734464, ""64"": 0.986481620608336}"
hetero4_64second,5,kv_b,kv_lookup,0.002941681887023151,1.0,0,1,64,1.9121763865696266,0.6126225899572078,2.097917178993885,64,0.9857866480965876,"{""16"": 0.003126249222518889, ""32"": 0.01108710268089361, ""64"": 0.9857866480965876}"
hetero4_64second,5,induction_short,induction,0.0015116281865630299,1.0,1,1,64,0.7671379797102418,0.46172761927682243,3.684498495721176,64,0.46172761927682243,"{""16"": 0.4538573327344727, ""32"": 0.08441504798870489, ""64"": 0.46172761927682243}"
hetero4_64second,5,induction_long,induction,0.003017650276888162,0.9998698085546494,0,0,16,4.249721183150541,0.4859799668589151,3.6611423117864343,16,0.7253747584626316,"{""16"": 0.7253747584626316, ""32"": 0.13589959935521018, ""64"": 0.13872564218215824}"
hetero4_64third,1,local_a,local_copy,0.0003379514528205618,1.0,1,2,64,0.018801221987814642,0.9164861847078255,1.4391408710404796,64,0.9164861847078255,"{""16"": 0.02303227832455517, ""32"": 0.060481536967619313, ""64"": 0.9164861847078255}"
hetero4_64third,1,local_b,local_copy,0.0002574352329247631,1.0,1,2,64,0.031532510205579456,0.9598176152894143,1.2225637730742758,64,0.9598176152894143,"{""16"": 0.010541128233162979, ""32"": 0.029641256477422738, ""64"": 0.9598176152894143}"
hetero4_64third,1,kv_a,kv_lookup,0.00655374355847016,0.998046875,0,2,64,1.5421236412948929,0.524224591680052,2.1734094999000892,64,0.9836635362331803,"{""16"": 0.0040163729746433285, ""32"": 0.0123200907921765, ""64"": 0.9836635362331803}"
hetero4_64third,1,kv_b,kv_lookup,0.00510402099462226,0.998046875,0,2,64,1.6043692074599676,0.5077936976137445,2.1990542070228862,64,0.9819036956748474,"{""16"": 0.005699648095967407, ""32"": 0.01239665622918523, ""64"": 0.9819036956748474}"
hetero4_64third,1,induction_short,induction,0.0005218264777795412,1.0,0,3,16,3.907087993888126,0.6251375709114215,2.9849278464522007,16,0.7303247598501036,"{""16"": 0.7303247598501036, ""32"": 0.007677288980759792, ""64"": 0.26199795116913666}"
hetero4_64third,1,induction_long,induction,0.010173065355047584,0.9976562857627869,0,3,16,6.057976620504633,0.44694653614539864,4.433027489955178,16,0.5817706694441266,"{""16"": 0.5817706694441266, ""32"": 0.13076408687702606, ""64"": 0.28746524367884735}"
hetero4_64third,2,local_a,local_copy,0.0003478100188658573,1.0,1,2,64,0.03584953708195826,0.9472570041234667,1.283064291098237,64,0.9472570041234667,"{""16"": 0.012615059071275244, ""32"": 0.04012793680525807, ""64"": 0.9472570041234667}"
hetero4_64third,2,local_b,local_copy,0.00029957672086311504,1.0,1,2,64,0.0550077985462849,0.9622068992695261,1.2050064563343639,64,0.9622068992695261,"{""16"": 0.008346367884892087, ""32"": 0.02944673284558181, ""64"": 0.9622068992695261}"
hetero4_64third,2,kv_a,kv_lookup,0.004263053007889539,1.0,0,2,64,2.1581839525024407,0.5717573999610671,2.139661251808531,64,0.9858325680971212,"{""16"": 0.0025422994418644006, ""32"": 0.011625132461014456, ""64"": 0.9858325680971212}"
hetero4_64third,2,kv_b,kv_lookup,0.005297539988532662,1.0,0,2,64,2.270583333214745,0.5956812503049924,2.117662578123379,64,0.9838320466747803,"{""16"": 0.001881475288238883, ""32"": 0.014286478036980783, ""64"": 0.9838320466747803}"
hetero4_64third,2,induction_short,induction,0.0004416029987623915,1.0,0,1,32,5.8458551842632005,0.906958382253908,1.3851714802590405,32,0.9085834887371342,"{""16"": 0.0006885336972956948, ""32"": 0.9085834887371342, ""64"": 0.09072797756557002}"
hetero4_64third,2,induction_long,induction,0.0043283794075250626,0.999479204416275,0,1,32,6.80124138854444,0.7426714530452377,2.344980530221578,32,0.7536488076107397,"{""16"": 0.025442235431484102, ""32"": 0.7536488076107397, ""64"": 0.22090895695777624}"
hetero4_64third,3,local_a,local_copy,0.0003748863164219074,1.0,1,2,64,0.02909942845144542,0.9402902324850526,1.3209986650159973,64,0.9402902324850526,"{""16"": 0.018727992124131943, ""32"": 0.040981775390815434, ""64"": 0.9402902324850526}"
hetero4_64third,3,local_b,local_copy,0.000290778603812214,1.0,1,2,64,0.030202861271391157,0.9420155685262102,1.3101313780409458,64,0.9420155685262102,"{""16"": 0.019600341614649134, ""32"": 0.038384089859140665, ""64"": 0.9420155685262102}"
hetero4_64third,3,kv_a,kv_lookup,0.01747439062455669,0.998046875,0,2,64,2.043694816471543,0.6272359138360409,2.1568184087433155,64,0.9792263138299355,"{""16"": 0.005557142982425242, ""32"": 0.01521654318763922, ""64"": 0.9792263138299355}"
hetero4_64third,3,kv_b,kv_lookup,0.010803987504914403,0.998046875,0,2,64,2.0462617974262685,0.5793960820945486,2.2398089398773973,64,0.9764852340659114,"{""16"": 0.0076477249358272905, ""32"": 0.015867040998261302, ""64"": 0.9764852340659114}"
hetero4_64third,3,induction_short,induction,0.0005995837273076177,1.0,0,1,32,1.2660174163756892,0.6886541698078511,2.1716796535850142,32,0.695349852341722,"{""16"": 0.004834675956470771, ""32"": 0.695349852341722, ""64"": 0.2998154717018073}"
hetero4_64third,3,induction_long,induction,0.008822931442409754,0.9981771260499954,0,1,32,5.582039104308933,0.7420830129498601,2.2157923897336103,32,0.7551526740265492,"{""16"": 0.0157810005725982, ""32"": 0.7551526740265492, ""64"": 0.2290663254008526}"
hetero4_64third,4,local_a,local_copy,0.0004965608168276958,1.0,1,2,64,0.021747960832726676,0.8816393009417213,1.5627967965177154,64,0.8816393009417213,"{""16"": 0.027296929154373567, ""32"": 0.09106376990390515, ""64"": 0.8816393009417213}"
hetero4_64third,4,local_b,local_copy,0.0003122079942841083,1.0,1,2,64,0.026754819293273613,0.9278156063367432,1.3586794140467404,64,0.9278156063367432,"{""16"": 0.014987655603558974, ""32"": 0.05719673805969779, ""64"": 0.9278156063367432}"
hetero4_64third,4,kv_a,kv_lookup,0.007289165630936623,0.998046875,0,2,64,2.208888417109847,0.6560681057440818,2.064248477866246,64,0.9834819051667039,"{""16"": 0.003270202214964362, ""32"": 0.01324789261833185, ""64"": 0.9834819051667039}"
hetero4_64third,4,kv_b,kv_lookup,0.002214353356976062,1.0,0,2,64,2.60754777881084,0.7150668049456934,1.898664489966698,64,0.991376054284739,"{""16"": 0.0011781890340882351, ""32"": 0.00744575668117277, ""64"": 0.991376054284739}"
hetero4_64third,4,induction_short,induction,0.000772235740441829,0.9997209906578064,0,1,32,0.7890717109548859,0.6321369290918355,2.0712176680194982,32,0.6419838083677393,"{""16"": 0.003517785392858477, ""32"": 0.6419838083677393, ""64"": 0.35449840623940215}"
hetero4_64third,4,induction_long,induction,0.005604946054518223,0.9992187917232513,0,1,32,5.0676107769832015,0.7194703595579071,2.4328586990943832,32,0.7348292859653095,"{""16"": 0.07914262607391316, ""32"": 0.7348292859653095, ""64"": 0.18602808796077744}"
hetero4_64third,5,local_a,local_copy,0.0005611356464214623,1.0,1,2,64,0.023402828199323267,0.8855391667513595,1.5640925180569045,64,0.8855391667513595,"{""16"": 0.031880641823226016, ""32"": 0.08258019142541452, ""64"": 0.8855391667513595}"
hetero4_64third,5,local_b,local_copy,0.000395808310713619,1.0,1,2,64,0.02566966094309464,0.8937576476421317,1.516830651559612,64,0.8937576476421317,"{""16"": 0.026514602911590506, ""32"": 0.07972774944627775, ""64"": 0.8937576476421317}"
hetero4_64third,5,kv_a,kv_lookup,0.016404383233748376,0.99609375,0,2,64,1.93272123450879,0.5659279680296931,2.3356665810158765,64,0.9659619811004736,"{""16"": 0.012588598281669063, ""32"": 0.02144942061785729, ""64"": 0.9659619811004736}"
hetero4_64third,5,kv_b,kv_lookup,0.019513937935698777,0.99609375,0,2,64,2.6134673028136604,0.6885244347884364,2.055047084738287,64,0.9797203280252834,"{""16"": 0.004947532962311195, ""32"": 0.015332139012405367, ""64"": 0.9797203280252834}"
hetero4_64third,5,induction_short,induction,0.0006008198397466913,1.0,0,2,64,0.9536509165627649,0.5795283726950329,2.8654214938063256,64,0.8893355445671773,"{""16"": 0.05675669118168945, ""32"": 0.053907764251133264, ""64"": 0.8893355445671773}"
hetero4_64third,5,induction_long,induction,0.00668637955095619,0.9989583939313889,0,1,32,1.7987178961047903,0.3050819752578013,4.731474646956853,16,0.38120897870191517,"{""16"": 0.38120897870191517, ""32"": 0.3245663018413063, ""64"": 0.2942247194567785}"
uniform2,1,local_a,local_copy,0.00033826316939666867,1.0,1,0,64,0.01408812723821029,0.609596472756459,1.9806800753414386,64,1.0,"{""64"": 1.0}"
uniform2,1,local_b,local_copy,0.0005290155604598112,1.0,1,0,64,0.014647239462647121,0.5459828549449169,1.9915482541784506,64,1.0,"{""64"": 1.0}"
uniform2,1,kv_a,kv_lookup,0.006548181176185608,0.998046875,0,0,64,1.996208295226097,0.7200089952167162,2.2939385501336234,64,1.0,"{""64"": 1.0}"
uniform2,1,kv_b,kv_lookup,0.002351764705963433,1.0,0,0,64,2.3553385994164273,0.7292449270463104,2.1530498531758826,64,1.0,"{""64"": 1.0}"
uniform2,1,induction_short,induction,0.018772329320199788,0.9960937798023224,0,1,64,5.061626349459402,0.9153988854404075,1.4161743632932187,64,1.0,"{""64"": 1.0}"
uniform2,1,induction_long,induction,0.024865686427801847,0.9933594167232513,0,1,64,7.5221320991404355,0.7890267852492961,2.085312238482265,64,1.0,"{""64"": 1.0}"
uniform2,2,local_a,local_copy,0.00030294623866211623,1.0,1,0,64,0.012461898106266744,0.5896512543893595,1.975041865035106,64,1.0,"{""64"": 1.0}"
uniform2,2,local_b,local_copy,0.0002663800842128694,1.0,1,0,64,0.013513933692593127,0.5281834266835532,1.996823618377266,64,1.0,"{""64"": 1.0}"
uniform2,2,kv_a,kv_lookup,0.003484238899545744,0.998046875,0,1,64,0.6514789415232372,0.4324597778896228,3.240934778758703,64,1.0,"{""64"": 1.0}"
uniform2,2,kv_b,kv_lookup,0.0031724867003504187,1.0,0,1,64,0.6162070635182317,0.4070680366225973,3.1973555784138568,64,1.0,"{""64"": 1.0}"
uniform2,2,induction_short,induction,0.0005975087115075439,1.0,0,0,64,4.585847346024821,0.9043966502365133,1.4648568352634004,64,1.0,"{""64"": 1.0}"
uniform2,2,induction_long,induction,0.0033383851405233145,0.9996094256639481,0,0,64,7.458173346007243,0.8287124291398402,1.8045744322404025,64,1.0,"{""64"": 1.0}"
uniform2,3,local_a,local_copy,0.0003204318054486066,1.0,1,0,64,0.010534569359151646,0.5300841307469162,1.996380871396949,64,1.0,"{""64"": 1.0}"
uniform2,3,local_b,local_copy,0.00024592400586698204,1.0,1,0,64,0.018178281010477804,0.5035063551000695,2.017318315416997,64,1.0,"{""64"": 1.0}"
uniform2,3,kv_a,kv_lookup,0.0031838256400078535,1.0,0,0,64,0.47748547163791955,0.42488087714212175,3.422825639465509,64,1.0,"{""64"": 1.0}"
uniform2,3,kv_b,kv_lookup,0.0027421671547926962,1.0,0,0,64,0.3762565743527375,0.3463383803500767,3.3724868768939755,64,1.0,"{""64"": 1.0}"
uniform2,3,induction_short,induction,0.000867015216499567,1.0,0,1,64,4.718800538685173,0.9233241414637843,1.3907518150760634,64,1.0,"{""64"": 1.0}"
uniform2,3,induction_long,induction,0.007344337529502809,0.9988281726837158,0,1,64,6.774007467203774,0.8150974793948069,1.9472412593310235,64,1.0,"{""64"": 1.0}"
uniform2,4,local_a,local_copy,0.0003240743462811224,1.0,1,0,64,0.011164995441504288,0.6365588772492786,1.948021303668706,64,1.0,"{""64"": 1.0}"
uniform2,4,local_b,local_copy,0.0002588342540548183,1.0,1,0,64,0.008540283270122018,0.5401814731819264,1.99354526590752,64,1.0,"{""64"": 1.0}"
uniform2,4,kv_a,kv_lookup,0.0013962400262244046,1.0,0,1,64,1.159434123605024,0.6565269280153269,2.5558301507065515,64,1.0,"{""64"": 1.0}"
uniform2,4,kv_b,kv_lookup,0.0016486578388139606,1.0,0,1,64,1.3759112424449995,0.6782221965777182,2.3644308282473503,64,1.0,"{""64"": 1.0}"
uniform2,4,induction_short,induction,0.0004414487848407589,1.0,0,0,64,4.424994332694041,0.9331351906654987,1.3384725699438411,64,1.0000000000000002,"{""64"": 1.0000000000000002}"
uniform2,4,induction_long,induction,0.002665534266270697,0.9994792193174362,0,0,64,7.092738375416957,0.8587579736800353,1.6656636123987631,64,1.0,"{""64"": 1.0}"
uniform2,5,local_a,local_copy,0.00034400090225972235,1.0,1,0,64,0.009563412721036002,0.5483149994912094,1.9906698884889955,64,1.0,"{""64"": 1.0}"
uniform2,5,local_b,local_copy,0.00028784151800209656,1.0,1,0,64,0.010790617576276418,0.5283146110666651,1.9967939874858867,64,1.0,"{""64"": 1.0}"
uniform2,5,kv_a,kv_lookup,0.008468316053040326,0.99609375,1,0,64,0.3740539987338707,0.35760912156013064,3.706051189718903,64,1.0,"{""64"": 1.0}"
uniform2,5,kv_b,kv_lookup,0.0018536182469688356,1.0,1,0,64,0.4022874129586853,0.3928887293831499,3.3611116777850687,64,1.0,"{""64"": 1.0}"
uniform2,5,induction_short,induction,0.0006960062019061297,1.0,0,0,64,2.4796580048569012,0.8207448489787618,1.8487971527545246,64,1.0,"{""64"": 1.0}"
uniform2,5,induction_long,induction,0.003513942880090326,0.9998698085546494,0,0,64,4.498323191481177,0.5912411954655535,2.9801764238542603,64,1.0,"{""64"": 1.0}"
